addr,size,layer,kind,ncallers,ncallees,vector,traps,named_callees,strings
0x0005C8,5194,PIOCOS-KERNEL,unnamed,0,2,0,,"",""
0x001A12,132,PIOCOS-KERNEL,unnamed,1,0,,,"",""
0x001A96,52,PIOCOS-KERNEL,unnamed,7,0,,,"",""
0x001ACA,54,PIOCOS-KERNEL,unnamed,1,0,,,"",""
0x001B00,510,PIOCOS-KERNEL,unnamed,0,2,30,,"","CX5 APRIL 21, 1986"
0x001CFE,218,PIOCOS-KERNEL,named,0,1,1,,"",""
0x001DD8,40,PIOCOS-KERNEL,unnamed,0,0,31,,"",""
0x001E00,56,PIOCOS-KERNEL,unnamed,0,0,42,,"",""
0x001E38,98,PIOCOS-KERNEL,unnamed,0,0,9,,"",""
0x001E9A,138,PIOCOS-KERNEL,unnamed,2,3,,,"",""
0x001F24,2,PIOCOS-KERNEL,stub,0,1,4,,"",""
0x001F26,2,PIOCOS-KERNEL,stub,0,0,5,,"",""
0x001F28,2,PIOCOS-KERNEL,stub,0,0,6,,"",""
0x001F2A,2,PIOCOS-KERNEL,stub,0,0,7,,"",""
0x001F2C,4,PIOCOS-KERNEL,stub,0,0,8,,"",""
0x001F30,2,PIOCOS-KERNEL,stub,0,0,10,,"",""
0x001F32,2,PIOCOS-KERNEL,stub,0,0,11,,"",""
0x001F34,2,PIOCOS-KERNEL,stub,0,0,12,,"",""
0x001F36,2,PIOCOS-KERNEL,stub,0,0,13,,"",""
0x001F38,2,PIOCOS-KERNEL,stub,0,0,14,,"",""
0x001F3A,2,PIOCOS-KERNEL,stub,0,0,15,,"",""
0x001F3C,2,PIOCOS-KERNEL,stub,0,0,16,,"",""
0x001F3E,2,PIOCOS-KERNEL,stub,0,0,17,,"",""
0x001F40,2,PIOCOS-KERNEL,stub,0,0,18,,"",""
0x001F42,2,PIOCOS-KERNEL,stub,0,0,19,,"",""
0x001F44,2,PIOCOS-KERNEL,stub,0,0,20,,"",""
0x001F46,2,PIOCOS-KERNEL,stub,0,0,21,,"",""
0x001F48,2,PIOCOS-KERNEL,stub,0,0,22,,"",""
0x001F4A,2,PIOCOS-KERNEL,stub,0,0,23,,"",""
0x001F4C,2,PIOCOS-KERNEL,stub,0,0,24,,"",""
0x001F4E,2,PIOCOS-KERNEL,stub,0,0,25,,"",""
0x001F50,2,PIOCOS-KERNEL,stub,0,0,26,,"",""
0x001F52,2,PIOCOS-KERNEL,stub,0,0,27,,"",""
0x001F54,2,PIOCOS-KERNEL,stub,0,0,28,,"",""
0x001F56,14,PIOCOS-KERNEL,stub,0,0,29,,"",""
0x001F64,2,PIOCOS-KERNEL,stub,0,0,36,,"",""
0x001F66,2,PIOCOS-KERNEL,stub,0,0,37,,"",""
0x001F68,2,PIOCOS-KERNEL,stub,0,0,38,,"",""
0x001F6A,2,PIOCOS-KERNEL,stub,0,0,39,,"",""
0x001F6C,2,PIOCOS-KERNEL,stub,0,0,40,,"",""
0x001F6E,4,PIOCOS-KERNEL,stub,0,0,41,,"",""
0x001F72,2,PIOCOS-KERNEL,stub,0,0,43,,"",""
0x001F74,2,PIOCOS-KERNEL,stub,0,0,44,,"",""
0x001F76,2,PIOCOS-KERNEL,stub,0,0,45,,"",""
0x001F78,2,PIOCOS-KERNEL,stub,0,0,46,,"",""
0x001F7A,2,PIOCOS-KERNEL,stub,0,0,47,,"",""
0x001F7C,2,PIOCOS-KERNEL,stub,0,0,48,,"",""
0x001F7E,2,PIOCOS-KERNEL,stub,0,0,49,,"",""
0x001F80,2,PIOCOS-KERNEL,stub,0,0,50,,"",""
0x001F82,2,PIOCOS-KERNEL,stub,0,0,51,,"",""
0x001F84,2,PIOCOS-KERNEL,stub,0,0,52,,"",""
0x001F86,2,PIOCOS-KERNEL,stub,0,0,53,,"",""
0x001F88,2,PIOCOS-KERNEL,stub,0,0,54,,"",""
0x001F8A,2,PIOCOS-KERNEL,stub,0,0,55,,"",""
0x001F8C,2,PIOCOS-KERNEL,stub,0,0,56,,"",""
0x001F8E,2,PIOCOS-KERNEL,stub,0,0,57,,"",""
0x001F90,2,PIOCOS-KERNEL,stub,0,0,58,,"",""
0x001F92,2,PIOCOS-KERNEL,stub,0,0,59,,"",""
0x001F94,2,PIOCOS-KERNEL,stub,0,0,60,,"",""
0x001F96,2,PIOCOS-KERNEL,stub,0,0,61,,"",""
0x001F98,2,PIOCOS-KERNEL,stub,0,0,62,,"",""
0x001F9A,2,PIOCOS-KERNEL,stub,0,0,63,,"",""
0x001F9C,2,PIOCOS-KERNEL,stub,0,0,64,,"",""
0x001F9E,2,PIOCOS-KERNEL,stub,0,0,65,,"",""
0x001FA0,2,PIOCOS-KERNEL,stub,0,0,66,,"",""
0x001FA2,2,PIOCOS-KERNEL,stub,0,0,67,,"",""
0x001FA4,4,PIOCOS-KERNEL,stub,0,0,68,,"",""
0x001FA8,2,PIOCOS-KERNEL,stub,0,0,70,,"",""
0x001FAA,2,PIOCOS-KERNEL,stub,0,0,71,,"",""
0x001FAC,2,PIOCOS-KERNEL,stub,0,0,72,,"",""
0x001FAE,2,PIOCOS-KERNEL,stub,0,0,73,,"",""
0x001FB0,2,PIOCOS-KERNEL,stub,0,0,74,,"",""
0x001FB2,2,PIOCOS-KERNEL,stub,0,0,75,,"",""
0x001FB4,2,PIOCOS-KERNEL,stub,0,0,76,,"",""
0x001FB6,6,PIOCOS-KERNEL,stub,0,0,77,,"",""
0x001FBC,10,PIOCOS-KERNEL,stub,0,0,80,,"",""
0x001FC6,4,PIOCOS-KERNEL,stub,0,0,85,,"",""
0x001FCA,2,PIOCOS-KERNEL,stub,0,0,87,,"",""
0x001FCC,10,PIOCOS-KERNEL,stub,0,0,88,,"",""
0x001FD6,4,PIOCOS-KERNEL,stub,0,0,93,,"",""
0x001FDA,2,PIOCOS-KERNEL,stub,0,0,95,,"",""
0x001FDC,10,PIOCOS-KERNEL,stub,0,0,96,,"",""
0x001FE6,4,PIOCOS-KERNEL,stub,0,0,101,,"",""
0x001FEA,2,PIOCOS-KERNEL,stub,0,0,103,,"",""
0x001FEC,10,PIOCOS-KERNEL,stub,0,0,104,,"",""
0x001FF6,4,PIOCOS-KERNEL,stub,0,0,109,,"",""
0x001FFA,2,PIOCOS-KERNEL,stub,0,0,111,,"",""
0x001FFC,2,PIOCOS-KERNEL,stub,0,0,112,,"",""
0x001FFE,2,PIOCOS-KERNEL,stub,0,0,113,,"",""
0x002000,2,PIOCOS-KERNEL,stub,0,0,114,,"",""
0x002002,2,PIOCOS-KERNEL,stub,0,0,115,,"",""
0x002004,2,PIOCOS-KERNEL,stub,0,0,116,,"",""
0x002006,2,PIOCOS-KERNEL,stub,0,0,117,,"",""
0x002008,2,PIOCOS-KERNEL,stub,0,0,118,,"",""
0x00200A,2,PIOCOS-KERNEL,stub,0,0,119,,"",""
0x00200C,2,PIOCOS-KERNEL,stub,0,0,120,,"",""
0x00200E,2,PIOCOS-KERNEL,stub,0,0,121,,"",""
0x002010,2,PIOCOS-KERNEL,stub,0,0,122,,"",""
0x002012,2,PIOCOS-KERNEL,stub,0,0,123,,"",""
0x002014,2,PIOCOS-KERNEL,stub,0,0,124,,"",""
0x002016,2,PIOCOS-KERNEL,stub,0,0,125,,"",""
0x002018,2,PIOCOS-KERNEL,stub,0,0,126,,"",""
0x00201A,2,PIOCOS-KERNEL,stub,0,0,127,,"",""
0x00201C,2,PIOCOS-KERNEL,stub,0,0,128,,"",""
0x00201E,2,PIOCOS-KERNEL,stub,0,0,129,,"",""
0x002020,2,PIOCOS-KERNEL,stub,0,0,130,,"",""
0x002022,2,PIOCOS-KERNEL,stub,0,0,131,,"",""
0x002024,2,PIOCOS-KERNEL,stub,0,0,132,,"",""
0x002026,2,PIOCOS-KERNEL,stub,0,0,133,,"",""
0x002028,2,PIOCOS-KERNEL,stub,0,0,134,,"",""
0x00202A,2,PIOCOS-KERNEL,stub,0,0,135,,"",""
0x00202C,2,PIOCOS-KERNEL,stub,0,0,136,,"",""
0x00202E,2,PIOCOS-KERNEL,stub,0,0,137,,"",""
0x002030,2,PIOCOS-KERNEL,stub,0,0,138,,"",""
0x002032,2,PIOCOS-KERNEL,stub,0,0,139,,"",""
0x002034,2,PIOCOS-KERNEL,stub,0,0,140,,"",""
0x002036,2,PIOCOS-KERNEL,stub,0,0,141,,"",""
0x002038,2,PIOCOS-KERNEL,stub,0,0,142,,"",""
0x00203A,2,PIOCOS-KERNEL,stub,0,0,143,,"",""
0x00203C,2,PIOCOS-KERNEL,stub,0,0,144,,"",""
0x00203E,2,PIOCOS-KERNEL,stub,0,0,145,,"",""
0x002040,2,PIOCOS-KERNEL,stub,0,0,146,,"",""
0x002042,2,PIOCOS-KERNEL,stub,0,0,147,,"",""
0x002044,2,PIOCOS-KERNEL,stub,0,0,148,,"",""
0x002046,2,PIOCOS-KERNEL,stub,0,0,149,,"",""
0x002048,2,PIOCOS-KERNEL,stub,0,0,150,,"",""
0x00204A,2,PIOCOS-KERNEL,stub,0,0,151,,"",""
0x00204C,2,PIOCOS-KERNEL,stub,0,0,152,,"",""
0x00204E,2,PIOCOS-KERNEL,stub,0,0,153,,"",""
0x002050,2,PIOCOS-KERNEL,stub,0,0,154,,"",""
0x002052,2,PIOCOS-KERNEL,stub,0,0,155,,"",""
0x002054,2,PIOCOS-KERNEL,stub,0,0,156,,"",""
0x002056,2,PIOCOS-KERNEL,stub,0,0,157,,"",""
0x002058,2,PIOCOS-KERNEL,stub,0,0,158,,"",""
0x00205A,2,PIOCOS-KERNEL,stub,0,0,159,,"",""
0x00205C,2,PIOCOS-KERNEL,stub,0,0,160,,"",""
0x00205E,2,PIOCOS-KERNEL,stub,0,0,161,,"",""
0x002060,2,PIOCOS-KERNEL,stub,0,0,162,,"",""
0x002062,2,PIOCOS-KERNEL,stub,0,0,163,,"",""
0x002064,2,PIOCOS-KERNEL,stub,0,0,164,,"",""
0x002066,2,PIOCOS-KERNEL,stub,0,0,165,,"",""
0x002068,2,PIOCOS-KERNEL,stub,0,0,166,,"",""
0x00206A,2,PIOCOS-KERNEL,stub,0,0,167,,"",""
0x00206C,2,PIOCOS-KERNEL,stub,0,0,168,,"",""
0x00206E,2,PIOCOS-KERNEL,stub,0,0,169,,"",""
0x002070,2,PIOCOS-KERNEL,stub,0,0,170,,"",""
0x002072,2,PIOCOS-KERNEL,stub,0,0,171,,"",""
0x002074,2,PIOCOS-KERNEL,stub,0,0,172,,"",""
0x002076,2,PIOCOS-KERNEL,stub,0,0,173,,"",""
0x002078,2,PIOCOS-KERNEL,stub,0,0,174,,"",""
0x00207A,2,PIOCOS-KERNEL,stub,0,0,175,,"",""
0x00207C,2,PIOCOS-KERNEL,stub,0,0,176,,"",""
0x00207E,2,PIOCOS-KERNEL,stub,0,0,177,,"",""
0x002080,2,PIOCOS-KERNEL,stub,0,0,178,,"",""
0x002082,2,PIOCOS-KERNEL,stub,0,0,179,,"",""
0x002084,2,PIOCOS-KERNEL,stub,0,0,180,,"",""
0x002086,2,PIOCOS-KERNEL,stub,0,0,181,,"",""
0x002088,2,PIOCOS-KERNEL,stub,0,0,182,,"",""
0x00208A,2,PIOCOS-KERNEL,stub,0,0,183,,"",""
0x00208C,2,PIOCOS-KERNEL,stub,0,0,184,,"",""
0x00208E,2,PIOCOS-KERNEL,stub,0,0,185,,"",""
0x002090,2,PIOCOS-KERNEL,stub,0,0,186,,"",""
0x002092,2,PIOCOS-KERNEL,stub,0,0,187,,"",""
0x002094,2,PIOCOS-KERNEL,stub,0,0,188,,"",""
0x002096,2,PIOCOS-KERNEL,stub,0,0,189,,"",""
0x002098,2,PIOCOS-KERNEL,stub,0,0,190,,"",""
0x00209A,2,PIOCOS-KERNEL,stub,0,0,191,,"",""
0x00209C,2,PIOCOS-KERNEL,stub,0,0,192,,"",""
0x00209E,2,PIOCOS-KERNEL,stub,0,0,193,,"",""
0x0020A0,2,PIOCOS-KERNEL,stub,0,0,194,,"",""
0x0020A2,2,PIOCOS-KERNEL,stub,0,0,195,,"",""
0x0020A4,2,PIOCOS-KERNEL,stub,0,0,196,,"",""
0x0020A6,2,PIOCOS-KERNEL,stub,0,0,197,,"",""
0x0020A8,2,PIOCOS-KERNEL,stub,0,0,198,,"",""
0x0020AA,2,PIOCOS-KERNEL,stub,0,0,199,,"",""
0x0020AC,2,PIOCOS-KERNEL,stub,0,0,200,,"",""
0x0020AE,2,PIOCOS-KERNEL,stub,0,0,201,,"",""
0x0020B0,2,PIOCOS-KERNEL,stub,0,0,202,,"",""
0x0020B2,2,PIOCOS-KERNEL,stub,0,0,203,,"",""
0x0020B4,2,PIOCOS-KERNEL,stub,0,0,204,,"",""
0x0020B6,2,PIOCOS-KERNEL,stub,0,0,205,,"",""
0x0020B8,2,PIOCOS-KERNEL,stub,0,0,206,,"",""
0x0020BA,2,PIOCOS-KERNEL,stub,0,0,207,,"",""
0x0020BC,2,PIOCOS-KERNEL,stub,0,0,208,,"",""
0x0020BE,2,PIOCOS-KERNEL,stub,0,0,209,,"",""
0x0020C0,2,PIOCOS-KERNEL,stub,0,0,210,,"",""
0x0020C2,2,PIOCOS-KERNEL,stub,0,0,211,,"",""
0x0020C4,2,PIOCOS-KERNEL,stub,0,0,212,,"",""
0x0020C6,2,PIOCOS-KERNEL,stub,0,0,213,,"",""
0x0020C8,2,PIOCOS-KERNEL,stub,0,0,214,,"",""
0x0020CA,2,PIOCOS-KERNEL,stub,0,0,215,,"",""
0x0020CC,2,PIOCOS-KERNEL,stub,0,0,216,,"",""
0x0020CE,2,PIOCOS-KERNEL,stub,0,0,217,,"",""
0x0020D0,2,PIOCOS-KERNEL,stub,0,0,218,,"",""
0x0020D2,2,PIOCOS-KERNEL,stub,0,0,219,,"",""
0x0020D4,2,PIOCOS-KERNEL,stub,0,0,220,,"",""
0x0020D6,2,PIOCOS-KERNEL,stub,0,0,221,,"",""
0x0020D8,2,PIOCOS-KERNEL,stub,0,0,222,,"",""
0x0020DA,2,PIOCOS-KERNEL,stub,0,0,223,,"",""
0x0020DC,2,PIOCOS-KERNEL,stub,0,0,224,,"",""
0x0020DE,2,PIOCOS-KERNEL,stub,0,0,225,,"",""
0x0020E0,2,PIOCOS-KERNEL,stub,0,0,226,,"",""
0x0020E2,2,PIOCOS-KERNEL,stub,0,0,227,,"",""
0x0020E4,2,PIOCOS-KERNEL,stub,0,0,228,,"",""
0x0020E6,2,PIOCOS-KERNEL,stub,0,0,229,,"",""
0x0020E8,2,PIOCOS-KERNEL,stub,0,0,230,,"",""
0x0020EA,2,PIOCOS-KERNEL,stub,0,0,231,,"",""
0x0020EC,2,PIOCOS-KERNEL,stub,0,0,232,,"",""
0x0020EE,2,PIOCOS-KERNEL,stub,0,0,233,,"",""
0x0020F0,2,PIOCOS-KERNEL,stub,0,0,234,,"",""
0x0020F2,2,PIOCOS-KERNEL,stub,0,0,235,,"",""
0x0020F4,2,PIOCOS-KERNEL,stub,0,0,236,,"",""
0x0020F6,2,PIOCOS-KERNEL,stub,0,0,237,,"",""
0x0020F8,2,PIOCOS-KERNEL,stub,0,0,238,,"",""
0x0020FA,2,PIOCOS-KERNEL,stub,0,0,239,,"",""
0x0020FC,2,PIOCOS-KERNEL,stub,0,0,240,,"",""
0x0020FE,2,PIOCOS-KERNEL,stub,0,0,241,,"",""
0x002100,2,PIOCOS-KERNEL,stub,0,0,242,,"",""
0x002102,2,PIOCOS-KERNEL,stub,0,0,243,,"",""
0x002104,2,PIOCOS-KERNEL,stub,0,0,244,,"",""
0x002106,2,PIOCOS-KERNEL,stub,0,0,245,,"",""
0x002108,2,PIOCOS-KERNEL,stub,0,0,246,,"",""
0x00210A,2,PIOCOS-KERNEL,stub,0,0,247,,"",""
0x00210C,2,PIOCOS-KERNEL,stub,0,0,248,,"",""
0x00210E,2,PIOCOS-KERNEL,stub,0,0,249,,"",""
0x002110,2,PIOCOS-KERNEL,stub,0,0,250,,"",""
0x002112,2,PIOCOS-KERNEL,stub,0,0,251,,"",""
0x002114,2,PIOCOS-KERNEL,stub,0,0,252,,"",""
0x002116,2,PIOCOS-KERNEL,stub,0,0,253,,"",""
0x002118,2,PIOCOS-KERNEL,stub,0,0,254,,"",""
0x00211A,2,PIOCOS-KERNEL,stub,0,0,255,,"",""
0x00211C,26,PIOCOS-KERNEL,unnamed,0,0,2,,"",""
0x002136,12,PIOCOS-KERNEL,unnamed,0,1,3,,"",""
0x002142,30,PIOCOS-KERNEL,unnamed,1,0,79,,"",""
0x002160,118,PIOCOS-KERNEL,unnamed,0,1,33,,"","NsT"
0x0021D6,288,PIOCOS-KERNEL,unnamed,2,2,,0x09,"",""
0x0022F6,74,PIOCOS-KERNEL,unnamed,2,2,,,"",""
0x002340,138,PIOCOS-KERNEL,unnamed,1,2,,,"",""
0x0023CA,18,PIOCOS-KERNEL,unnamed,1,2,,,"",""
0x0023DC,72,PIOCOS-KERNEL,unnamed,0,2,,,"",""
0x002424,134,PIOCOS-KERNEL,unnamed,1,2,,,"",""
0x0024AA,100,PIOCOS-KERNEL,unnamed,1,3,,,"",""
0x00250E,84,PIOCOS-KERNEL,unnamed,0,1,78,0x09,"",""
0x002562,164,PIOCOS-KERNEL,unnamed,1,0,,,"",""
0x002606,48,PIOCOS-KERNEL,unnamed,0,0,35,,"",""
0x002636,122,PIOCOS-KERNEL,unnamed,1,1,,,"",""
0x0026B0,566,PIOCOS-KERNEL,unnamed,0,8,,,"","FREEPRO1 |  O,| | PRO1"
0x0028E6,114,PIOCOS-KERNEL,unnamed,2,4,,,"",""
0x002958,88,PIOCOS-KERNEL,unnamed,1,3,,,"",""
0x0029B0,86,PIOCOS-KERNEL,unnamed,2,2,,,"",""
0x002A06,368,PIOCOS-KERNEL,unnamed,2,6,,,"",""
0x002B76,98,PIOCOS-KERNEL,unnamed,2,3,,,"",""
0x002BD8,92,PIOCOS-KERNEL,unnamed,1,3,,,"",""
0x002C34,612,PIOCOS-KERNEL,unnamed,1,10,,,"",""
0x002E98,18,PIOCOS-KERNEL,unnamed,2,2,,,"",""
0x002EAA,412,PIOCOS-KERNEL,unnamed,0,5,,,"",""
0x003046,1106,PIOCOS-KERNEL,unnamed,2,13,,,"",""
0x003498,122,PIOCOS-KERNEL,named,0,3,32 34,,"",""
0x003512,172,PIOCOS-KERNEL,unnamed,0,1,,,"",""
0x0035BE,230,PIOCOS-KERNEL,unnamed,1,2,,,"",""
0x0036A4,412,PIOCOS-KERNEL,unnamed,2,3,,,"",""
0x003840,298,PIOCOS-KERNEL,unnamed,1,4,,,"",""
0x00396A,120,PIOCOS-KERNEL,unnamed,1,1,,,"",""
0x0039E2,118,PIOCOS-KERNEL,unnamed,1,1,,,"",""
0x003A58,16,PIOCOS-KERNEL,unnamed,3,1,,,"",""
0x003A68,106,PIOCOS-KERNEL,unnamed,0,1,69,0x09,"",""
0x003AD2,400,PIOCOS-KERNEL,unnamed,1,8,,0x0A 0x18,"","RTC "
0x003C62,316,PIOCOS-KERNEL,unnamed,2,4,,,"",""
0x003D9E,98,PIOCOS-KERNEL,unnamed,2,4,,,"",""
0x003E00,98,PIOCOS-KERNEL,unnamed,1,5,,,"",""
0x003E62,530,PIOCOS-KERNEL,unnamed,1,8,,,"",""
0x004074,2,PIOCOS-KERNEL,unnamed,0,1,91,,"",""
0x004076,2,PIOCOS-KERNEL,unnamed,0,0,82,,"",""
0x004078,2,PIOCOS-KERNEL,unnamed,0,0,84,,"",""
0x00407A,2,PIOCOS-KERNEL,unnamed,0,0,86,,"",""
0x00407C,2,PIOCOS-KERNEL,unnamed,0,0,90,,"",""
0x00407E,2,PIOCOS-KERNEL,unnamed,0,0,92,,"",""
0x004080,2,PIOCOS-KERNEL,unnamed,0,0,94,,"",""
0x004082,2,PIOCOS-KERNEL,unnamed,0,0,98,,"",""
0x004084,2,PIOCOS-KERNEL,unnamed,0,0,100,,"",""
0x004086,2,PIOCOS-KERNEL,unnamed,0,0,102,,"",""
0x004088,2,PIOCOS-KERNEL,unnamed,0,0,106,,"",""
0x00408A,2,PIOCOS-KERNEL,unnamed,0,0,108,,"",""
0x00408C,2,PIOCOS-KERNEL,unnamed,0,0,110,,"",""
0x00408E,2,PIOCOS-KERNEL,unnamed,0,0,89,,"",""
0x004090,2,PIOCOS-KERNEL,unnamed,0,0,83,,"",""
0x004092,2,PIOCOS-KERNEL,unnamed,0,0,81,,"",""
0x004094,2,PIOCOS-KERNEL,unnamed,0,0,107,,"",""
0x004096,2,PIOCOS-KERNEL,unnamed,0,0,105,,"",""
0x004098,2,PIOCOS-KERNEL,unnamed,0,0,99,,"",""
0x00409A,4,PIOCOS-KERNEL,unnamed,0,0,97,,"",""
0x00409E,32,PIOCOS-KERNEL,unnamed,1,1,,,"",""
0x0040BE,288,PIOCOS-KERNEL,unnamed,1,2,,,"",""
0x0041DE,304,PIOCOS-KERNEL,unnamed,4,2,,,"",""
0x00430E,94,PIOCOS-KERNEL,unnamed,1,2,,,"",""
0x00436C,158,PIOCOS-KERNEL,unnamed,1,2,,,"",""
0x00440A,14,PIOCOS-KERNEL,unnamed,2,1,,,"",""
0x004418,26,PIOCOS-KERNEL,unnamed,1,0,,,"",""
0x004432,36,PIOCOS-KERNEL,unnamed,3,0,,,"",""
0x004456,60,PIOCOS-KERNEL,unnamed,3,0,,,"",""
0x004492,34,PIOCOS-KERNEL,unnamed,32,0,,,"",""
0x0044B4,16,PIOCOS-KERNEL,unnamed,32,0,,,"",""
0x0044C4,408,PIOCOS-KERNEL,unnamed,9,2,,0x02 0x02 0x02 0x02 0x02 0x02 0x02 0x02,"",""
0x00465C,158,ENMA-driver,unnamed,3,0,,0x00,"",""
0x0046FA,240,ENMA-driver,unnamed,1,1,,,"",""
0x0047EA,84,ENMA-driver,unnamed,1,1,,,"",""
0x00483E,40,ENMA-driver,unnamed,1,1,,,"",""
0x004866,72,ENMA-driver,unnamed,1,1,,0x09,"",""
0x0048AE,56,ENMA-driver,unnamed,1,2,,,"",""
0x0048E6,56,ENMA-driver,unnamed,1,2,,,"",""
0x00491E,690,ENMA-driver,unnamed,1,6,,,"",""
0x004BD0,66,ENMA-driver,unnamed,1,3,,,"",""
0x004C12,54,ENMA-driver,unnamed,1,2,,,"",""
0x004C48,80,ENMA-driver,unnamed,3,1,,,"","ENMA"
0x004C98,154,ENMA-driver,unnamed,3,2,,,"",""
0x004D32,82,ENMA-driver,unnamed,4,2,,,"",""
0x004D84,138,ENMA-driver,unnamed,1,2,,,"",""
0x004E0E,22,ENMA-driver,unnamed,2,0,,,"",""
0x004E24,150,ENMA-driver,unnamed,5,2,,,"",""
0x004EBA,104,ENMA-driver,unnamed,1,2,,,"",""
0x004F22,82,ENMA-driver,unnamed,1,2,,,"",""
0x004F74,104,ENMA-driver,unnamed,1,1,,,"",""
0x004FDC,92,ENMA-driver,unnamed,1,2,,,"",""
0x005038,64,ENMA-driver,unnamed,0,2,,,"",""
0x005078,98,ENMA-driver,unnamed,1,0,,,"",""
0x0050DA,50,ENMA-driver,unnamed,0,0,,,"",""
0x00510C,270,ENMA-driver,unnamed,1,0,,,"",""
0x00521A,106,ENMA-driver,unnamed,1,0,,,"",""
0x005284,126,ENMA-driver,unnamed,2,0,,,"",""
0x005302,34,ENMA-driver,unnamed,1,2,,,"",""
0x005324,398,ENMA-driver,unnamed,1,1,,,"",""
0x0054B2,172,ENMA-driver,unnamed,0,1,,,"",""
0x00555E,152,ENMA-driver,unnamed,0,1,,,"",""
0x0055F6,40,ENMA-driver,unnamed,4,1,,,"",""
0x00561E,72,ENMA-driver,unnamed,2,4,,,"",""
0x005666,404,ENMA-driver,unnamed,4,4,,,"",""
0x0057FA,154,ENMA-driver,unnamed,1,1,,,"",""
0x005894,116,ENMA-driver,unnamed,3,0,,,"",""
0x005908,118,ENMA-driver,unnamed,1,2,,,"",""
0x00597E,118,ENMA-driver,unnamed,0,2,,,"",""
0x0059F4,1064,ENMA-driver,unnamed,2,4,,,"",""
0x005E1C,194,ENMA-driver,unnamed,2,0,,,"",""
0x005EDE,1034,ENMA-driver,unnamed,1,6,,,"",""
0x0062E8,96,ENMA-driver,unnamed,1,0,,,"",""
0x006348,16,ENMA-driver,unnamed,1,0,,,"",""
0x006358,352,ENMA-driver,unnamed,0,10,,,"",""
0x0064B8,154,ENMA-driver,unnamed,1,2,,,"",""
0x006552,168,ENMA-driver,unnamed,1,4,,,"",""
0x0065FA,16,ENMA-driver,named,2,0,,,"",""
0x00660A,318,ENMA-driver,unnamed,0,7,,,"","ENMA"
0x006748,132,ENMA-driver,unnamed,3,2,,,"",""
0x0067CC,88,ENMA-driver,unnamed,1,1,,,"",""
0x006824,88,ENMA-driver,unnamed,1,1,,,"",""
0x00687C,202,ENMA-driver,unnamed,3,1,,,"",""
0x006946,238,ENMA-driver,unnamed,2,0,,,"",""
0x006A34,128,POMN-monitor,unnamed,7,2,,,"","POMN"
0x006AB4,130,POMN-monitor,unnamed,1,3,,,"",""
0x006B36,1260,POMN-monitor,named,2,6,,,"","aa$POMN: FATAL ERROR. Module: AA Error:  | a$POMN: FATAL ERROR. Module: AA Error: i | $POMN: FATAL ERROR. Module: AA Error: i1 | AA Error: i10A Info: i10a$POMN: ERROR. M"
0x007022,116,POMN-monitor,unnamed,1,4,,,"POMN_ReportError",""
0x007096,88,POMN-monitor,unnamed,2,2,,,"",""
0x0070EE,268,POMN-monitor,unnamed,1,3,,,"",""
0x0071FA,366,POMN-monitor,unnamed,1,3,,,"",""
0x007368,44,POMN-monitor,unnamed,1,0,,,"",""
0x007394,178,POMN-monitor,unnamed,1,1,,0x09,"",""
0x007446,1186,POMN-monitor,unnamed,1,4,,,"",""
0x0078E8,94,POMN-monitor,unnamed,1,3,,,"POMN_ReportError",""
0x007946,246,POMN-monitor,unnamed,1,4,,,"","a$POMN FATAL: skpinit statuso7a$POMN FAT | $POMN FATAL: skpinit statuso7a$POMN FATA | o7a$POMN FATAL: SKP schedule multiple ba"
0x007A3C,232,POMN-monitor,unnamed,1,4,,,"","a$POMN FATAL: SKP schedule multiple bado | $POMN FATAL: SKP schedule multiple bado1 | o10PO100portsPO100messagesPOMN"
0x007B24,712,POMN-monitor,unnamed,0,14,,,"",",_$_.n | PO100portsPO100messagesPOMN | PO100messagesPOMN | POMN"
0x007DEC,46,POMN-monitor,unnamed,1,2,,,"",""
0x007E1A,462,POMN-monitor,unnamed,0,3,,,"",",_$_.n"
0x007FE8,70,POMN-monitor,unnamed,4,2,,,"",""
0x00802E,100,TCPD-client,unnamed,0,2,,,"","~s : ~d~n"
0x008092,16,TCPD-client,named,1,0,,,"",""
0x0080A2,28,TCPD-client,unnamed,1,0,,,"",""
0x0080BE,1910,TCPD-client,unnamed,0,15,,,"","*TCPDSERVER | TCPD Client, Status (from TCPD) Bad Mess | Bad Message SizeBad OctoStation numberNo | Bad OctoStation numberNo Tcp ethIII cont"
0x008834,154,TCPD-client,unnamed,1,2,,,"","UNSET~n * TCP/IP Ethernet II giving up. "
0x0088CE,138,TCPD-client,unnamed,1,4,,,"TCPD_ClientSession","~n * TCP/IP Ethernet II giving up. (PIOC"
0x008958,116,TCPD-client,unnamed,5,1,,,"",""
0x0089CC,104,AIP-arp-ip-icmp,named,1,1,,,"","AIP  | $AIP: PIOC ERROR "
0x008A34,54,AIP-arp-ip-icmp,unnamed,3,1,,,"",""
0x008A6A,114,AIP-arp-ip-icmp,unnamed,1,2,,,"",""
0x008ADC,188,AIP-arp-ip-icmp,unnamed,1,0,,,"",""
0x008B98,408,AIP-arp-ip-icmp,unnamed,0,4,,,"AIP_ReportPiocError","AIP "
0x008D30,70,AIP-arp-ip-icmp,unnamed,2,1,,,"",""
0x008D76,210,AIP-arp-ip-icmp,unnamed,1,1,,,"",""
0x008E48,20,AIP-arp-ip-icmp,named,2,0,,,"",""
0x008E5C,330,AIP-arp-ip-icmp,unnamed,0,3,,,"","$AIP: no more fragments for ARP XA XI $A | AIP  | XA XI $AIP: ICMP message "
0x008FA6,162,AIP-arp-ip-icmp,unnamed,2,1,,,"",""
0x009048,376,AIP-arp-ip-icmp,unnamed,1,3,,,"AIP_ArpOutOfFragments",""
0x0091C0,510,AIP-arp-ip-icmp,unnamed,1,6,,,"AIP_ArpOutOfFragments","AIP "
0x0093BE,200,AIP-arp-ip-icmp,unnamed,1,3,,,"",""
0x009486,226,AIP-arp-ip-icmp,unnamed,1,3,,,"",""
0x009568,648,AIP-arp-ip-icmp,unnamed,2,6,,,"","XI $AIP: ICMP message "
0x0097F0,202,AIP-arp-ip-icmp,unnamed,6,2,,,"",""
0x0098BA,148,AIP-arp-ip-icmp,unnamed,1,1,,,"",""
0x00994E,720,AIP-arp-ip-icmp,unnamed,1,4,,,"",""
0x009C1E,22,AIP-arp-ip-icmp,named,1,0,,,"",""
0x009C34,1572,AIP-arp-ip-icmp,unnamed,0,10,,,"TCP_Input RAWinput UDP_Input","AIP  | $AIP: ICMP message "
0x00A258,298,AIP-arp-ip-icmp,unnamed,1,5,,,"TCP_Input RAWinput UDP_Input",""
0x00A382,762,AIP-arp-ip-icmp,unnamed,2,7,,,"IP_Input","RI RA RN        ND/EII-TCP-  XN  | RA RN        ND/EII-TCP-  XN  | RN        ND/EII-TCP-  XN  |        ND/EII-TCP-  XN "
0x00A67C,22,AIP-arp-ip-icmp,unnamed,0,0,,,"",""
0x00A692,22,AIP-arp-ip-icmp,unnamed,0,0,,,"",""
0x00A6A8,26,AIP-arp-ip-icmp,unnamed,0,0,,,"",""
0x00A6C2,26,AIP-arp-ip-icmp,unnamed,0,0,,,"",""
0x00A6DC,26,AIP-arp-ip-icmp,unnamed,0,0,,,"",""
0x00A6F6,22,AIP-arp-ip-icmp,unnamed,0,0,,,"",""
0x00A70C,26,PIOC-glue-EII,unnamed,0,0,,,"",""
0x00A726,26,PIOC-glue-EII,unnamed,0,0,,,"",""
0x00A740,26,PIOC-glue-EII,unnamed,0,0,,,"",""
0x00A75A,26,PIOC-glue-EII,unnamed,0,0,,,"",""
0x00A774,26,PIOC-glue-EII,unnamed,0,0,,,"",""
0x00A78E,26,PIOC-glue-EII,unnamed,0,0,,,"",""
0x00A7A8,26,PIOC-glue-EII,unnamed,0,0,,,"",""
0x00A7C2,26,PIOC-glue-EII,unnamed,0,0,,,"",""
0x00A7DC,22,PIOC-glue-EII,unnamed,2,0,,,"",""
0x00A7F2,74,PIOC-glue-EII,unnamed,1,1,,,"","TCP PIOC"
0x00A83C,16,PIOC-glue-EII,unnamed,35,0,,,"",""
0x00A84C,74,PIOC-glue-EII,unnamed,0,1,,,"",""
0x00A896,24,PIOC-glue-EII,unnamed,5,0,,,"",""
0x00A8AE,90,PIOC-glue-EII,unnamed,1,3,,,"","PIOC"
0x00A908,72,PIOC-glue-EII,unnamed,5,1,,,"",""
0x00A950,294,PIOC-glue-EII,unnamed,1,2,,,"",""
0x00AA76,192,PIOC-glue-EII,unnamed,2,0,,,"",""
0x00AB36,118,PIOC-glue-EII,unnamed,1,2,,,"",""
0x00ABAC,98,PIOC-glue-EII,unnamed,1,2,,,"",""
0x00AC0E,70,PIOC-glue-EII,unnamed,1,2,,,"",""
0x00AC54,100,PIOC-glue-EII,unnamed,1,2,,,"",""
0x00ACB8,142,PIOC-glue-EII,unnamed,1,0,,,"",""
0x00AD46,124,PIOC-glue-EII,unnamed,4,0,,,"",""
0x00ADC2,798,PIOC-glue-EII,unnamed,15,8,,,"FSMR_TcpExtractOob",""
0x00B0E0,252,PIOC-glue-EII,unnamed,2,2,,,"",""
0x00B1DC,58,PIOC-glue-EII,unnamed,4,1,,,"",""
0x00B216,532,PIOC-glue-EII,unnamed,6,4,,,"",""
0x00B42A,1894,PIOC-glue-EII,unnamed,1,7,,,"",""
0x00BB90,410,PIOC-glue-EII,unnamed,1,3,,,"",""
0x00BD2A,1532,TCP,named,2,7,,,"",""
0x00C326,170,TCP,unnamed,1,0,,,"",""
0x00C3D0,158,TCP,unnamed,1,0,,,"",""
0x00C46E,152,TCP,unnamed,3,4,,,"",""
0x00C506,122,TCP,unnamed,1,4,,,"",""
0x00C580,3984,TCP,unnamed,2,5,,,"TCP_UsrReq","Ethernet IIJanuary 20, 1992"
0x00D510,16,TCP,named,9,0,,,"",""
0x00D520,5096,TCP,unnamed,0,29,,,"TCP_UsrReq",""
0x00E908,422,RAW,unnamed,6,6,,,"",""
0x00EAAE,658,RAW,named,2,6,,,"","RAWinputRAWusrequest"
0x00ED40,16,RAW,named,0,0,,,"",""
0x00ED50,2130,RAW,unnamed,0,20,,,"","RAWusrequest"
0x00F5A2,1014,UDP,named,2,5,,,"",""
0x00F998,470,UDP,named,1,5,,,"","MAIN.UdpOutputA$"
0x00FB6E,16,UDP,named,0,0,,,"",""
0x00FB7E,2152,UDP,unnamed,0,17,,,"MAIN_UdpOutput",""
0x0103E6,492,MAIN+socket-layer,named,2,8,,,"ENMA_Service","MAIN.MainLoopMAIN.UdpOutputA$"
0x0105D2,486,MAIN+socket-layer,unnamed,1,10,,,"",""
0x0107B8,212,MAIN+socket-layer,unnamed,1,2,,,"","0123456789ABCDEF"
0x01088C,1032,MAIN+socket-layer,unnamed,1,2,,,"",""
0x010C94,178,MAIN+socket-layer,unnamed,0,2,,,"",""
0x010D46,328,MAIN+socket-layer,unnamed,1,0,,,"",""
0x010E8E,158,MAIN+socket-layer,unnamed,6,0,,,"",""
0x010F2C,210,MAIN+socket-layer,unnamed,7,2,,,"",""
0x010FFE,128,MAIN+socket-layer,unnamed,13,2,,,"",""
0x01107E,22,MAIN+socket-layer,unnamed,0,0,,,"",""
0x011094,192,MAIN+socket-layer,unnamed,1,3,,,"",""
0x011154,20,MAIN+socket-layer,unnamed,1,0,,,"",""
0x011168,336,MAIN+socket-layer,unnamed,0,4,,,"",""
0x0112B8,216,MAIN+socket-layer,unnamed,1,4,,,"ENMA_Service",""
0x011390,426,MAIN+socket-layer,unnamed,1,6,,,"XMSG_XFPRV XMSG_XFDMM XMSG_XFALM",""
0x01153A,20,MAIN+socket-layer,unnamed,3,0,,,"",""
0x01154E,306,MAIN+socket-layer,unnamed,0,5,,,"",""
0x011680,22,MAIN+socket-layer,unnamed,1,0,,,"",""
0x011696,664,MAIN+socket-layer,unnamed,0,7,,,"",""
0x01192E,96,MAIN+socket-layer,unnamed,3,1,,,"",""
0x01198E,16,MAIN+socket-layer,unnamed,4,0,,,"",""
0x01199E,180,MAIN+socket-layer,unnamed,0,2,,,"",""
0x011A52,442,MAIN+socket-layer,unnamed,11,3,,,"",""
0x011C0C,926,MAIN+socket-layer,unnamed,7,5,,,"",""
0x011FAA,86,MAIN+socket-layer,unnamed,3,1,,,"",""
0x012000,156,MAIN+socket-layer,unnamed,3,2,,,"",""
0x01209C,190,MAIN+socket-layer,unnamed,1,2,,,"",""
0x01215A,212,MAIN+socket-layer,unnamed,3,1,,,"",""
0x01222E,376,MAIN+socket-layer,unnamed,5,2,,,"",""
0x0123A6,142,MAIN+socket-layer,unnamed,2,1,,,"",""
0x012434,38,MAIN+socket-layer,unnamed,4,0,,,"",""
0x01245A,82,MAIN+socket-layer,unnamed,6,2,,,"",""
0x0124AC,216,MAIN+socket-layer,unnamed,3,2,,,"",""
0x012584,80,MAIN+socket-layer,unnamed,1,1,,,"",""
0x0125D4,230,MAIN+socket-layer,unnamed,6,3,,,"",""
0x0126BA,156,MAIN+socket-layer,unnamed,1,1,,,"",""
0x012756,336,MAIN+socket-layer,unnamed,2,1,,,"",""
0x0128A6,136,MAIN+socket-layer,unnamed,1,2,,,"",""
0x01292E,162,MAIN+socket-layer,unnamed,2,4,,,"",""
0x0129D0,122,MAIN+socket-layer,unnamed,2,1,,,"",""
0x012A4A,204,MAIN+socket-layer,unnamed,5,0,,,"",""
0x012B16,150,MAIN+socket-layer,unnamed,2,1,,,"TCP_UsrReq",""
0x012BAC,148,MAIN+socket-layer,unnamed,1,4,,,"",""
0x012C40,218,MAIN+socket-layer,unnamed,2,6,,,"",""
0x012D1A,236,MAIN+socket-layer,unnamed,1,6,,,"TCP_UsrReq",""
0x012E06,18,MAIN+socket-layer,unnamed,1,0,,,"",""
0x012E18,2374,MAIN+socket-layer,unnamed,0,8,,,"TCP_UsrReq",""
0x01375E,2048,MAIN+socket-layer,unnamed,1,11,,,"TCP_UsrReq",""
0x013F5E,16,MAIN+socket-layer,unnamed,0,0,,,"",""
0x013F6E,1026,MAIN+socket-layer,unnamed,0,6,,,"",""
0x014370,16,FSMR-tcp-fsm,unnamed,1,0,,,"",""
0x014380,670,FSMR-tcp-fsm,unnamed,0,5,,,"",""
0x01461E,16,FSMR-tcp-fsm,unnamed,1,0,,,"",""
0x01462E,720,FSMR-tcp-fsm,unnamed,0,6,,,"",""
0x0148FE,16,FSMR-tcp-fsm,unnamed,1,0,,,"",""
0x01490E,216,FSMR-tcp-fsm,unnamed,0,1,,,"",""
0x0149E6,16,FSMR-tcp-fsm,unnamed,1,0,,,"",""
0x0149F6,236,FSMR-tcp-fsm,unnamed,0,1,,,"",""
0x014AE2,16,FSMR-tcp-fsm,unnamed,2,0,,,"",""
0x014AF2,272,FSMR-tcp-fsm,unnamed,0,1,,,"",""
0x014C02,26,FSMR-tcp-fsm,unnamed,0,0,,,"",""
0x014C1C,296,FSMR-tcp-fsm,unnamed,1,1,,,"",""
0x014D44,320,FSMR-tcp-fsm,unnamed,22,3,,,"",""
0x014E84,38,FSMR-tcp-fsm,unnamed,1,1,,,"",""
0x014EAA,52,FSMR-tcp-fsm,unnamed,21,1,,,"",""
0x014EDE,336,FSMR-tcp-fsm,unnamed,9,4,,,"",""
0x01502E,128,FSMR-tcp-fsm,unnamed,0,1,,,"",""
0x0150AE,424,FSMR-tcp-fsm,unnamed,1,2,,,"",""
0x015256,298,FSMR-tcp-fsm,unnamed,1,2,,,"",""
0x015380,358,FSMR-tcp-fsm,unnamed,1,0,,,"",""
0x0154E6,66,FSMR-tcp-fsm,unnamed,1,0,,,"",""
0x015528,312,FSMR-tcp-fsm,unnamed,6,3,,,"",""
0x015660,112,FSMR-tcp-fsm,unnamed,4,2,,,"",""
0x0156D0,46,FSMR-tcp-fsm,unnamed,1,1,,,"",""
0x0156FE,458,FSMR-tcp-fsm,unnamed,2,2,,,"",""
0x0158C8,126,FSMR-tcp-fsm,unnamed,2,3,,,"",""
0x015946,466,FSMR-tcp-fsm,unnamed,2,3,,,"",""
0x015B18,66,FSMR-tcp-fsm,unnamed,1,0,,,"",""
0x015B5A,160,FSMR-tcp-fsm,unnamed,1,1,,,"",""
0x015BFA,112,FSMR-tcp-fsm,unnamed,1,1,,,"",""
0x015C6A,46,FSMR-tcp-fsm,unnamed,1,1,,,"",""
0x015C98,84,FSMR-tcp-fsm,unnamed,1,1,,,"",""
0x015CEC,390,FSMR-tcp-fsm,unnamed,3,2,,,"",""
0x015E72,258,FSMR-tcp-fsm,unnamed,3,2,,,"",""
0x015F74,92,FSMR-tcp-fsm,unnamed,2,3,,,"",""
0x015FD0,66,FSMR-tcp-fsm,unnamed,3,0,,,"",""
0x016012,66,FSMR-tcp-fsm,unnamed,3,0,,,"",""
0x016054,22,FSMR-tcp-fsm,unnamed,0,0,,,"",""
0x01606A,1040,FSMR-tcp-fsm,unnamed,1,5,,,"",""
0x01647A,90,FSMR-tcp-fsm,unnamed,3,0,,,"",""
0x0164D4,16,FSMR-tcp-fsm,named,3,0,,,"",""
0x0164E4,1056,FSMR-tcp-fsm,unnamed,0,6,,,"","FSMR.SendPacket"
0x016904,436,FSMR-tcp-fsm,unnamed,1,3,,,"",""
0x016AB8,236,FSMR-tcp-fsm,unnamed,2,0,,,"",""
0x016BA4,278,FSMR-tcp-fsm,unnamed,3,2,,,"",""
0x016CBA,404,FSMR-tcp-fsm,unnamed,1,2,,,"",""
0x016E4E,114,FSMR-tcp-fsm,unnamed,2,0,,,"",""
0x016EC0,240,FSMR-tcp-fsm,unnamed,1,4,,,"",""
0x016FB0,58,FSMR-tcp-fsm,unnamed,11,2,,,"",""
0x016FEA,1470,FSMR-tcp-fsm,unnamed,14,3,,,"FSMR_SendPacket",""
0x0175A8,688,FSMR-tcp-fsm,unnamed,1,2,,,"",""
0x017858,2196,FSMR-tcp-fsm,unnamed,3,7,,,"",""
0x0180EC,1018,FSMR-tcp-fsm,unnamed,12,6,,,"",""
0x0184E6,306,FSMR-tcp-fsm,unnamed,1,3,,,"FSMR_SendPacket",""
0x018618,306,FSMR-tcp-fsm,unnamed,2,3,,,"",""
0x01874A,768,FSMR-tcp-fsm,named,1,5,,,"","FSMR.TcpExtractOobFSMR.SendPacket"
0x018A4A,48,FSMR-tcp-fsm,unnamed,0,1,,,"",""
0x018A7A,78,FSMR-tcp-fsm,unnamed,0,2,,,"",""
0x018AC8,44,FSMR-tcp-fsm,unnamed,0,1,,,"",""
0x018AF4,100,FSMR-tcp-fsm,unnamed,0,1,,,"",""
0x018B58,110,FSMR-tcp-fsm,unnamed,0,2,,,"",""
0x018BC6,100,FSMR-tcp-fsm,unnamed,0,1,,,"",""
0x018C2A,72,FSMR-tcp-fsm,unnamed,0,2,,,"",""
0x018C72,324,FSMR-tcp-fsm,unnamed,0,3,,,"",""
0x018DB6,84,FSMR-tcp-fsm,unnamed,0,2,,,"",""
0x018E0A,44,FSMR-tcp-fsm,unnamed,0,1,,,"",""
0x018E36,134,FSMR-tcp-fsm,unnamed,0,3,,,"FSMR_SendPacket",""
0x018EBC,44,FSMR-tcp-fsm,unnamed,0,1,,,"",""
0x018EE8,56,FSMR-tcp-fsm,unnamed,0,1,,,"",""
0x018F20,438,FSMR-tcp-fsm,unnamed,0,5,,,"TCP_UsrReq",""
0x0190D6,260,FSMR-tcp-fsm,unnamed,0,3,,,"",""
0x0191DA,382,FSMR-tcp-fsm,unnamed,0,3,,,"",""
0x019358,248,FSMR-tcp-fsm,unnamed,0,4,,,"",""
0x019450,220,FSMR-tcp-fsm,unnamed,0,3,,,"",""
0x01952C,354,FSMR-tcp-fsm,unnamed,0,5,,,"TCP_UsrReq",""
0x01968E,108,FSMR-tcp-fsm,unnamed,0,3,,,"",""
0x0196FA,114,FSMR-tcp-fsm,unnamed,0,2,,,"",""
0x01976C,220,FSMR-tcp-fsm,unnamed,0,3,,,"",""
0x019848,160,FSMR-tcp-fsm,unnamed,0,1,,,"",""
0x0198E8,1406,FSMR-tcp-fsm,unnamed,0,11,,,"TCP_UsrReq",""
0x019E66,26,TELNET,unnamed,0,0,,,"",""
0x019E80,94,TELNET,unnamed,9,1,,,"","TN  "
0x019EDE,66,TELNET,unnamed,1,1,,,"",""
0x019F20,50,TELNET,unnamed,1,0,,,"",""
0x019F52,34,TELNET,unnamed,3,0,,,"",""
0x019F74,72,TELNET,unnamed,0,2,,,"",""
0x019FBC,188,TELNET,unnamed,4,2,,,"SLsend",""
0x01A078,156,TELNET,named,1,2,,,"SLsend",""
0x01A114,140,TELNET,unnamed,1,2,,,"TELNET_SendToSocket",""
0x01A1A0,266,TELNET,unnamed,2,2,,,"",""
0x01A2AA,104,TELNET,named,3,3,,,"SLshutdown SLclose","Connection closed by the remote host"
0x01A312,76,TELNET,unnamed,2,2,,,"TELNET_CloseConnection",""
0x01A35E,100,TELNET,unnamed,8,2,,,"",""
0x01A3C2,36,TELNET,unnamed,1,0,,,"",""
0x01A3E6,16,TELNET,unnamed,3,0,,,"",""
0x01A3F6,74,TELNET,unnamed,0,3,,,"",""
0x01A440,94,TELNET,unnamed,3,3,,,"TELNET_CloseConnection",""
0x01A49E,52,TELNET,unnamed,6,2,,,"",""
0x01A4D2,252,TELNET,unnamed,1,2,,,"","0123456789ABCDEFJanuary 20, 1992C07ETH I | 0123456789ABCDEFJanuary 20, 1992C07ETH I"
0x01A5CE,608,TELNET,unnamed,1,4,,,"",""
0x01A82E,272,TELNET,unnamed,1,1,,,"",""
0x01A93E,144,TELNET,named,1,2,,,"SLrecv",""
0x01A9CE,68,TELNET,unnamed,2,0,,,"",""
0x01AA12,146,TELNET,unnamed,0,3,,,"",""
0x01AAA4,94,TELNET,unnamed,1,0,,,"",""
0x01AB02,198,TELNET,unnamed,0,3,,,"",""
0x01ABC8,986,TELNET,unnamed,1,4,,,"",""
0x01AFA2,212,TELNET,unnamed,1,4,,,"",""
0x01B076,84,TELNET,unnamed,1,1,,,"",""
0x01B0CA,472,TELNET,named,1,9,,,"TELNET_RecvFromSocket SLsense SLioctl",""
0x01B2A2,132,TELNET,unnamed,1,5,,,"TELNET_PollSocket",""
0x01B326,302,TELNET,unnamed,2,1,,,"",""
0x01B454,298,TELNET,named,1,4,,,"SLshutdown SLclose",""
0x01B57E,626,TELNET,named,1,4,,,"","(~03d.~03d.~03d.~03d)Telnet Server  on   | Telnet Server  on   available.No more fr |  on   available.No more free connection. |   available.No more free connection. Con"
0x01B7F0,290,TELNET,unnamed,1,3,,,"TELNET_TearDownConnection SLioctl",""
0x01B912,152,TELNET,unnamed,1,4,,,"",""
0x01B9AA,230,TELNET,unnamed,1,3,,,"TELNET_ReportServerAvailable",""
0x01BA90,612,TELNET,named,1,14,,,"TELNET_CloseConnection SLsleep SLaccept SLsend SLshutdown SLclose","No more free connection. Connection clos"
0x01BCF4,868,TELNET,named,1,11,,,"TELNET_AcceptLoop SLsocket SLbind SLlisten SLshutdown SLclose SLioctl","a$TELNET server ND211185 version: aa aa, | $TELNET server ND211185 version: aa aa,  | aa aa, aa$PIOC | a aa, aa$PIOC"
0x01C058,182,TELNET,unnamed,1,2,,,"",""
0x01C10E,322,TELNET,named,1,4,,,"","PIOC"
0x01C250,176,TELNET,unnamed,0,6,,,"TELNET_ServerInit TELNET_Main",",_$_.n"
0x01C300,20,SLib-sockets,unnamed,1,1,,,"",""
0x01C314,212,SLib-sockets,unnamed,0,2,,,"","PIOCPIOCSLsleep"
0x01C3E8,148,SLib-sockets,unnamed,1,1,,,"",""
0x01C47C,82,SLib-sockets,unnamed,5,1,,,"",""
0x01C4CE,156,SLib-sockets,unnamed,4,2,,,"",""
0x01C56A,146,SLib-sockets,unnamed,1,1,,,"",""
0x01C5FC,230,SLib-sockets,unnamed,1,0,,,"",""
0x01C6E2,16,SLib-sockets,unnamed,1,0,,,"",""
0x01C6F2,344,SLib-sockets,unnamed,0,4,,,"","PIOCSLsleep"
0x01C84A,50,SLib-sockets,unnamed,1,1,,,"",""
0x01C87C,94,SLib-sockets,unnamed,1,2,,,"",""
0x01C8DA,72,SLib-sockets,unnamed,1,0,,,"",""
0x01C922,64,SLib-sockets,unnamed,1,2,,,"",""
0x01C962,82,SLib-sockets,unnamed,1,0,,,"",""
0x01C9B4,112,SLib-sockets,unnamed,1,1,,,"",""
0x01CA24,566,SLib-sockets,unnamed,1,3,,,"",""
0x01CC5A,180,SLib-sockets,unnamed,1,0,,,"",""
0x01CD0E,676,SLib-sockets,unnamed,1,3,,,"",""
0x01CFB2,142,SLib-sockets,unnamed,0,0,,,"",""
0x01D040,34,SLib-sockets,unnamed,2,1,,,"",""
0x01D062,82,SLib-sockets,named,1,2,,,"","SLsleep"
0x01D0B4,94,SLib-sockets,unnamed,1,0,,,"",""
0x01D112,94,SLib-sockets,unnamed,1,0,,,"",""
0x01D170,440,SLib-sockets,named,1,10,,,"SLclose","SLsocketSLbind"
0x01D328,180,SLib-sockets,named,1,3,,,"","SLbind"
0x01D3DC,242,SLib-sockets,named,1,3,,,"","SLlistenSLacceptSLsend"
0x01D4CE,586,SLib-sockets,named,1,9,,,"","SLacceptSLsend"
0x01D718,430,SLib-sockets,named,3,5,,,"","SLsend"
0x01D8C6,398,SLib-sockets,named,1,5,,,"","SLrecv"
0x01DA54,316,SLib-sockets,named,1,5,,,"","SLsense"
0x01DB90,296,SLib-sockets,named,4,5,,,"","SLshutdown"
0x01DCB8,336,SLib-sockets,named,5,6,,,"","SLclose"
0x01DE08,430,SLib-sockets,named,3,5,,,"","SLioctl"
0x01DFB6,76,SLib-sockets,unnamed,5,1,,,"","AA1A$ATTACH"
0x01E002,78,SLib-trace,unnamed,0,1,,,"","A1A$ATTACH"
0x01E050,80,SLib-trace,unnamed,3,1,,,"","A$ATTACH | $ATTACH"
0x01E0A0,108,SLib-trace,unnamed,1,1,,,"","PRU_ cflag=CTED CTINGDISCTEDNEWCTEDUnkno | ATTACH"
0x01E10C,418,SLib-trace,unnamed,6,0,,,"",""
0x01E2AE,210,SLib-trace,unnamed,5,0,,,"",""
0x01E380,196,SLib-trace,unnamed,1,1,,,""," cflag=CTED CTINGDISCTEDNEWCTEDUnknown | CTED CTINGDISCTEDNEWCTEDUnknown | CTINGDISCTEDNEWCTEDUnknown | DISCTEDNEWCTEDUnknown"
0x01E444,1076,SLib-trace,unnamed,1,6,,,"","SL :(t=I)  (c=I,s=IANIL)  Newid=I3 | I)  (c=I,s=IANIL)  Newid=I3 | )  (c=I,s=IANIL)  Newid=I3 |  (c=I,s=IANIL)  Newid=I3"
0x01E878,388,SLib-trace,unnamed,12,3,,,"","SL :(t=I)  (c=I,s=I) SL :(t=I) SleepOnEv | I)  (c=I,s=I) SL :(t=I) SleepOnEvent, ev | )  (c=I,s=I) SL :(t=I) SleepOnEvent, eve |  (c=I,s=I) SL :(t=I) SleepOnEvent, event"
0x01E9FC,524,SLib-trace,unnamed,3,3,,,"","SL :(t=I) SleepOnEvent, eventmask=O) Wak | I) SleepOnEvent, eventmask=O) WakeUp fro | ) SleepOnEvent, eventmask=O) WakeUp from | O) WakeUp from SleepOnEvent, actualevent"
0x01EC08,150,SLib-trace,unnamed,5,1,,,"","ASL : Arequest for too big msg$Sleeping  | SL : Arequest for too big msg$Sleeping f | Arequest for too big msg$Sleeping for fr"
0x01EC9E,104,SLib-trace,unnamed,2,2,,,"",""
0x01ED06,374,SLib-trace,unnamed,3,4,,,"",""
0x01EE7C,32,SLib-trace,unnamed,3,0,,,"",""
0x01EE9C,1002,SLib-trace,unnamed,0,9,,,"","request for too big msg$Sleeping for fre | Sleeping for free messages$"
0x01F286,44,SLib-trace,unnamed,3,1,,,"",""
0x01F2B2,62,SLib-trace,unnamed,0,1,,,"",""
0x01F2F0,180,SLib-trace,unnamed,2,3,,,"MAIN_MainLoop",""
0x01F3A4,40,SLib-trace,unnamed,1,0,,,"",""
0x01F3CC,138,SLib-trace,unnamed,1,2,,,"",""
0x01F456,82,SLib-trace,unnamed,6,2,,,"",""
0x01F4A8,88,SLib-trace,unnamed,3,3,,,"",""
0x01F500,90,SLib-trace,unnamed,3,2,,,"",""
0x01F55A,154,SLib-trace,unnamed,4,1,,,"",""
0x01F5F4,190,SLib-trace,unnamed,13,1,,,"",""
0x01F6B2,74,SLib-trace,unnamed,1,1,,,"",""
0x01F6FC,64,SLib-trace,unnamed,2,1,,,"",""
0x01F73C,78,SLib-trace,unnamed,0,1,,,"",""
0x01F78A,42,SLib-trace,unnamed,2,1,,,"",""
0x01F7B4,398,SLib-trace,unnamed,1,8,,,"MAIN_MainLoop",""
0x01F942,314,SLib-trace,unnamed,3,7,,,"",""
0x01FA7C,264,SLib-trace,unnamed,2,5,,,"",""
0x01FB84,94,SLib-trace,unnamed,3,2,,,"",""
0x01FBE2,140,SLib-trace,unnamed,1,3,,,"",""
0x01FC6E,134,SLib-trace,unnamed,4,3,,,"",""
0x01FCF4,124,SLib-trace,unnamed,1,3,,,"",""
0x01FD70,98,SLib-trace,unnamed,0,0,,,"",""
0x01FDD2,48,SLib-trace,unnamed,2,0,,,"",""
0x01FE02,94,SLib-trace,unnamed,3,1,,,"",""
0x01FE60,320,SLib-trace,unnamed,6,3,,,"",""
0x01FFA0,154,SLib-trace,unnamed,1,2,,,"",""
0x02003A,262,SLib-trace,unnamed,0,3,,,"",""
0x020140,268,SLib-trace,unnamed,3,4,,,"",""
0x02024C,132,SLib-trace,unnamed,3,3,,,"",""
0x0202D0,36,SLib-trace,unnamed,0,0,,,"",""
0x0202F4,112,SLib-trace,unnamed,2,0,,,"",""
0x020364,104,SLib-trace,unnamed,4,1,,,"",""
0x0203CC,104,SLib-trace,unnamed,9,0,,,"",""
0x020434,64,SLib-trace,unnamed,1,1,,,"",""
0x020474,132,SLib-trace,unnamed,3,0,,,"",""
0x0204F8,72,SLib-trace,unnamed,1,1,,,"",""
0x020540,72,SLib-trace,unnamed,1,1,,,"",""
0x020588,96,SLib-trace,unnamed,0,1,,,"",""
0x0205E8,160,SLib-trace,unnamed,1,4,,,"",""
0x020688,210,SLib-trace,unnamed,1,4,,,"",""
0x02075A,48,SLib-trace,unnamed,0,1,,,"",""
0x02078A,48,SLib-trace,unnamed,1,1,,,"",""
0x0207BA,34,SLib-trace,unnamed,1,1,,,"",""
0x0207DC,228,SLib-trace,unnamed,1,5,,,"",""
0x0208C0,186,SLib-trace,unnamed,1,2,,,"",""
0x02097A,118,SLib-trace,unnamed,1,3,,,"",""
0x0209F0,16,SLib-trace,unnamed,1,0,,,"",""
0x020A00,400,SLib-trace,unnamed,0,5,,,"","Lost SK message$Lost SK message$Lost PL$ | Lost SK message$Lost PL$ProcessSK: error"
0x020B90,134,SLib-trace,unnamed,1,3,,,"","Lost PL$ProcessSK: error from SKPreceive"
0x020C16,16,SLib-trace,unnamed,2,0,,,"",""
0x020C26,2034,SLib-trace,unnamed,0,14,,,"","ProcessSK: error from SKPreceive$invalid | invalid message type (SKMTviaXROUT) from | unknown message type from SuperKernel$ | ProcessSK: error from SKPread$msg header"
0x021418,60,XMSG-session,unnamed,0,1,,,"",""
0x021454,42,XMSG-session,unnamed,1,1,,,"",""
0x02147E,122,XMSG-session,unnamed,0,3,,,"","Fatal internal SLib error"
0x0214F8,50,XMSG-session,unnamed,1,0,,,"",""
0x02152A,806,XMSG-session,named,0,3,,,"","*TCP0*TCPGATE.*TCP | *TCP0*TCPGATE.*TCP | *TCPGATE.*TCP"
0x021850,16,XMSG-session,unnamed,1,0,,,"",""
0x021860,2528,XMSG-session,unnamed,0,16,,,"","SLinit "
0x022240,34,XMSG-session,unnamed,0,1,,,"",""
0x022262,124,XMSG-session,unnamed,1,1,,,"",""
0x0222DE,82,XMSG-session,unnamed,2,0,,,"",""
0x022330,76,XMSG-session,unnamed,1,0,,,"",""
0x02237C,78,XMSG-session,unnamed,1,0,,,"",""
0x0223CA,16,XMSG-session,unnamed,1,0,,,"",""
0x0223DA,82,XMSG-session,unnamed,0,1,,,"","B1B1"
0x02242C,16,XMSG-session,unnamed,1,0,,,"",""
0x02243C,96,XMSG-session,unnamed,0,1,,,"",""
0x02249C,24,XMSG-session,unnamed,1,0,,,"",""
0x0224B4,54,XMSG-session,unnamed,1,0,,,"",""
0x0224EA,48,XMSG-session,unnamed,1,0,,,"",""
0x02251A,24,XMSG-session,unnamed,1,0,,,"",""
0x022532,48,XMSG-session,unnamed,1,0,,,"",""
0x022562,32,XMSG-session,unnamed,0,0,,,"",""
0x022582,30,XMSG-session,unnamed,0,0,,,"",""
0x0225A0,30,XMSG-session,unnamed,0,0,,,"",""
0x0225BE,20,XMSG-session,unnamed,0,0,,,"",""
0x0225D2,492,XMSG-session,unnamed,0,2,,,"",""
0x0227BE,16,XMSG-session,unnamed,0,0,,,"",""
0x0227CE,72,XMSG-session,unnamed,0,1,,,"",""
0x022816,28,XMSG-session,unnamed,0,0,,,"",""
0x022832,150,XMSG-session,unnamed,1,0,,,"",""
0x0228C8,36,XMSG-session,unnamed,1,0,,,"",""
0x0228EC,846,XMSG-session,unnamed,1,6,,,"",""
0x022C3A,504,XMSG-session,unnamed,2,6,,,"",""
0x022E32,114,XMSG-session,unnamed,3,1,,,"",""
0x022EA4,100,XMSG-session,unnamed,2,1,,,"",""
0x022F08,84,XMSG-session,unnamed,4,1,,,"",""
0x022F5C,104,XMSG-session,unnamed,4,1,,,"",""
0x022FC4,264,XMSG-session,unnamed,0,3,,,"",""
0x0230CC,56,XMSG-session,unnamed,2,1,,,"",""
0x023104,36,XMSG-session,unnamed,3,1,,,"",""
0x023128,122,XMSG-session,unnamed,1,1,,,"",""
0x0231A2,226,XMSG-session,unnamed,0,1,,,"",""
0x023284,168,XMSG-session,unnamed,0,2,,,"",""
0x02332C,192,XMSG-session,unnamed,2,2,,,"","0123456789ABCDEF%d"
0x0233EC,898,XMSG-session,unnamed,3,5,,,"",""
0x02376E,84,XMSG-session,unnamed,1,1,,,"",""
0x0237C2,70,XMSG-session,unnamed,1,1,,,"",""
0x023808,72,XMSG-session,unnamed,0,1,,,"",""
0x023850,1034,XMSG-session,unnamed,2,2,,,"",""
0x023C5A,138,XMSG-session,unnamed,3,2,,,"",""
0x023CE4,84,XMSG-session,unnamed,1,1,,,"",""
0x023D38,52,XMSG-session,unnamed,0,1,,,"",""
0x023D6C,44,XMSG-session,unnamed,1,1,,,"",""
0x023D98,38,XMSG-session,unnamed,1,1,,,"",""
0x023DBE,72,XMSG-session,unnamed,0,2,,,"",""
0x023E06,104,XMSG-session,unnamed,0,1,,,"",""
0x023E6E,46,XMSG-session,unnamed,1,0,,,"",""
0x023E9C,46,XMSG-session,unnamed,0,0,,,"",""
0x023ECA,24,XMSG-session,unnamed,0,0,,,"",""
0x023EE2,26,XMSG-session,unnamed,0,0,,,"",""
0x023EFC,250,XMSG-session,unnamed,0,0,,,"",""
0x023FF6,150,XMSG-session,unnamed,0,0,,,"",""
0x02408C,208,XMSG-session,unnamed,1,0,,,"",""
0x02415C,184,XMSG-session,unnamed,0,0,,,"",""
0x024214,228,XMSG-session,unnamed,0,0,,,"",""
0x0242F8,118,XMSG-session,unnamed,0,0,,,"",""
0x02436E,122,XMSG-session,unnamed,0,0,,,"",""
0x0243E8,86,XMSG-session,unnamed,3,0,,,"",""
0x02443E,94,XMSG-session,unnamed,2,0,,,"",""
0x02449C,186,XMSG-session,unnamed,0,1,,,"",""
0x024556,20,XMSG-session,unnamed,3,0,,,"",""
0x02456A,28,XMSG-session,unnamed,1,0,,,"",""
0x024586,40,XMSG-session,unnamed,1,1,,,"",""
0x0245AE,882,XMSG-session,unnamed,0,9,,,"XMSG_XFPRV XMSG_XFDMM XMSG_XFDUM",""
0x024920,20,XMSG-session,unnamed,2,0,,,"",""
0x024934,140,XMSG-session,unnamed,0,3,,,"XMSG_XFRRE",""
0x0249C0,238,XMSG-session,unnamed,1,4,,,"XMSG_XFREL XMSG_XFPST",""
0x024AAE,292,XMSG-session,unnamed,0,3,,,"XMSG_XFGSM",""
0x024BD2,20,XMSG-session,unnamed,1,0,,,"",""
0x024BE6,458,XMSG-session,unnamed,0,3,,,"",""
0x024DB0,320,XMSG-session,unnamed,0,4,,,"",""
0x024EF0,20,XMSG-session,unnamed,4,0,,,"",""
0x024F04,154,XMSG-session,unnamed,0,2,,,"",""
0x024F9E,20,XMSG-session,unnamed,2,0,,,"",""
0x024FB2,126,XMSG-session,unnamed,0,2,,,"",""
0x025030,100,XMSG-session,unnamed,1,2,,,"XMSG_XFOPN",""
0x025094,20,XMSG-session,unnamed,4,0,,,"",""
0x0250A8,934,XMSG-session,unnamed,0,6,,,"XMSG_XFCLS",""
0x02544E,20,XMSG-session,unnamed,1,0,,,"",""
0x025462,828,XMSG-session,unnamed,0,9,,,"XMSG_XFOPN XMSG_XFCLS XMSG_XFREL XMSG_XFREA XMSG_XFRCV XMSG_XFMST",""
0x02579E,958,XMSG-session,unnamed,2,5,,,"",""
0x025B5C,20,XMSG-session,unnamed,1,0,,,"",""
0x025B70,82,XMSG-session,unnamed,0,2,,,"XMSG_XFMST",""
0x025BC2,20,XMSG-session,unnamed,1,0,,,"",""
0x025BD6,40,XMSG-session,unnamed,1,1,,,"",""
0x025BFE,388,XMSG-session,unnamed,0,5,,,"",""
0x025D82,20,XMSG-session,unnamed,1,0,,,"",""
0x025D96,70,XMSG-session,unnamed,0,2,,,"XMSG_XFGET",""
0x025DDC,20,XMSG-session,unnamed,4,0,,,"",""
0x025DF0,44,XMSG-session,unnamed,1,1,,,"",""
0x025E1C,604,XMSG-session,unnamed,0,5,,,"",""
0x026078,20,XMSG-session,unnamed,10,0,,,"",""
0x02608C,464,XMSG-session,unnamed,0,6,,,"XMSG_XFCLS XMSG_XFREL",""
0x02625C,20,XMSG-session,unnamed,6,0,,,"",""
0x026270,40,XMSG-session,unnamed,1,1,,,"",""
0x026298,1008,XMSG-session,unnamed,0,8,,,"",""
0x026688,20,XMSG-session,unnamed,3,0,,,"",""
0x02669C,446,XMSG-session,unnamed,0,4,,,"",""
0x02685A,20,XMSG-session,unnamed,4,0,,,"",""
0x02686E,40,XMSG-session,unnamed,1,1,,,"",""
0x026896,396,XMSG-session,unnamed,0,4,,,"",""
0x026A22,20,XMSG-session,unnamed,5,0,,,"",""
0x026A36,40,XMSG-session,unnamed,1,1,,,"",""
0x026A5E,402,XMSG-session,unnamed,0,4,,,"",""
0x026BF0,186,XMSG-session,unnamed,1,1,,,"",""
0x026CAA,256,XMSG-session,unnamed,1,2,,,"XMSG_XFM2P",""
0x026DAA,462,XMSG-session,unnamed,3,2,,0x19,"XMSG_XFREL XMSG_MapStatusToError",""
0x026F78,132,XMSG-session,unnamed,2,3,,,"XMSG_XFWRI XMSG_XFSCM",""
0x026FFC,168,XMSG-session,unnamed,2,3,,,"XMSG_XFREA",""
0x0270A4,20,XMSG-session,unnamed,1,0,,,"",""
0x0270B8,100,XMSG-session,unnamed,0,2,,,"",""
0x02711C,170,XMSG-session,unnamed,1,3,,,"XMSG_XFWRI XMSG_XFSND XMSG_XFMST",""
0x0271C6,280,XMSG-session,unnamed,2,3,,,"XMSG_XFREL",""
0x0272DE,114,XMSG-session,unnamed,1,3,,,"XMSG_XFREA",""
0x027350,20,XMSG-session,unnamed,1,0,,,"",""
0x027364,342,XMSG-session,unnamed,0,5,,,"XMSG_XFREL XMSG_XFRCV XMSG_XFMST",""
0x0274BA,20,XMSG-session,unnamed,2,0,,,"",""
0x0274CE,22,XMSG-session,unnamed,1,1,,,"",""
0x0274E4,428,XMSG-session,unnamed,0,4,,,"",""
0x027690,1620,XMSG-session,unnamed,18,1,,,"","XMXMPONKSKUX | XMPONKSKUX | PONKSKUX | NKSKUX"
0x027CE4,1066,XMSG-session,unnamed,1,12,,,"XMSG_XFOPN XMSG_XFCLS XMSG_XFGET XMSG_XFREL XMSG_XFREA XMSG_XFWRI XMSG_XFRCV",""
0x02810E,136,XMSG-library,unnamed,1,2,,,"XMSG_XFSND XMSG_XFSCM",""
0x028196,88,XMSG-library,named,3,1,,0x19,"XMSG_MapStatusToError",""
0x0281EE,86,XMSG-library,named,4,1,,0x19,"XMSG_MapStatusToError",""
0x028244,96,XMSG-library,named,2,1,,0x19,"XMSG_MapStatusToError",""
0x0282A4,86,XMSG-library,named,7,1,,0x19,"XMSG_MapStatusToError",""
0x0282FA,116,XMSG-library,named,4,1,,0x19,"XMSG_MapStatusToError",""
0x02836E,116,XMSG-library,named,3,1,,0x19,"XMSG_MapStatusToError",""
0x0283E2,92,XMSG-library,named,2,1,,0x19,"XMSG_MapStatusToError",""
0x02843E,164,XMSG-library,named,3,1,,0x19,"XMSG_MapStatusToError",""
0x0284E2,184,XMSG-library,named,1,1,,0x19,"XMSG_MapStatusToError",""
0x02859A,134,XMSG-library,named,1,1,,0x19,"XMSG_MapStatusToError",""
0x028620,120,XMSG-library,named,4,1,,0x19,"XMSG_MapStatusToError",""
0x028698,94,XMSG-library,named,2,1,,0x19,"XMSG_MapStatusToError",""
0x0286F6,86,XMSG-library,named,2,1,,0x19,"XMSG_MapStatusToError",""
0x02874C,86,XMSG-library,named,2,1,,0x19,"XMSG_MapStatusToError",""
0x0287A2,94,XMSG-library,named,1,1,,0x19,"XMSG_MapStatusToError",""
0x028800,128,XMSG-library,named,1,1,,0x19,"XMSG_MapStatusToError",""
0x028880,108,XMSG-library,named,1,1,,0x19,"XMSG_MapStatusToError",""
0x0288EC,108,XMSG-library,named,1,1,,0x19,"XMSG_MapStatusToError",""
0x028958,300,XMSG-support,unnamed,1,4,,,"",""
0x028A84,128,XMSG-support,unnamed,2,1,,,"",""
0x028B04,96,XMSG-support,unnamed,2,1,,,"",""
0x028B64,348,XMSG-support,unnamed,2,4,,,"",""
0x028CC0,50,XMSG-support,named,19,0,,,"",""
0x028CF2,64,XMSG-support,unnamed,1,0,,,"",""
0x028D32,34,XMSG-support,unnamed,2,0,,,"",""
0x028D54,480,XMSG-support,unnamed,11,5,,,"",""
0x028F34,202,XMSG-support,unnamed,6,1,,,"",""
0x028FFE,28,XMSG-support,unnamed,8,0,,,"",""
0x02901A,48,XMSG-support,unnamed,31,0,,,"",""
0x02904A,178,XMSG-support,unnamed,5,2,,,"",""
0x0290FC,492,XMSG-support,unnamed,1,5,,,"",""
0x0292E8,94,XMSG-support,unnamed,0,1,,,"",""
0x029346,24,XMSG-support,unnamed,1,0,,,"",""
0x02935E,146,XMSG-support,unnamed,1,2,,,"",""
0x0293F0,86,XMSG-support,unnamed,1,1,,,"",""
0x029446,16,XMSG-support,unnamed,1,0,,,"",""
0x029456,332,XMSG-support,unnamed,0,2,,,"",""
0x0295A2,16,XMSG-support,unnamed,1,0,,,"",""
0x0295B2,770,XMSG-support,unnamed,0,4,,,"",""
0x0298B4,316,XMSG-support,unnamed,3,5,,,"",""
0x0299F0,290,XMSG-support,unnamed,1,3,,,"",""
0x029B12,226,XMSG-support,unnamed,1,2,,,"",""
0x029BF4,248,XMSG-support,unnamed,1,2,,,"",""
0x029CEC,86,XMSG-support,unnamed,1,0,,,"",""
0x029D42,90,XMSG-support,unnamed,0,0,,,"",""
0x029D9C,132,XMSG-support,unnamed,1,1,,,"",""
0x029E20,152,XMSG-support,unnamed,1,1,,,"",""
0x029EB8,266,XMSG-support,unnamed,16,0,,,"",""
0x029FC2,32,XMSG-support,unnamed,6,0,,,"",""
0x029FE2,60,XMSG-support,unnamed,1,1,,,"",""
0x02A01E,604,XMSG-support,unnamed,9,3,,,"",""
0x02A27A,1042,XMSG-support,unnamed,1,2,,,"",""
0x02A68C,2012,XMSG-support,unnamed,8,6,,,"","2000000000080000000 | 80000000 | -21474836482000000000080000000"
0x02AE68,202,XMSG-support,unnamed,2,2,,,"",""
0x02AF32,132,XMSG-support,unnamed,1,1,,,"",""
0x02AFB6,116,XMSG-support,unnamed,3,0,,,"",""
0x02B02A,46,XMSG-support,unnamed,0,1,,,"",""
0x02B058,62,XMSG-support,unnamed,1,1,,,"",""
0x02B096,200,XMSG-support,unnamed,1,2,,,"",""
0x02B15E,246,XMSG-support,unnamed,1,2,,,"",""
0x02B254,62,XMSG-support,unnamed,13,2,,,"",""
0x02B292,430,XMSG-support,unnamed,2,2,,,"",""
0x02B440,112,XMSG-support,unnamed,1,1,,,"",""
0x02B4B0,348,XMSG-support,unnamed,1,0,,,"",""
0x02B60C,346,XMSG-support,unnamed,22,1,,,"",""
0x02B766,550,XMSG-support,unnamed,3,1,,,"",""
0x02B98C,70,PLANC-runtime+data,unnamed,25,0,,,"",""
0x02B9D2,172,PLANC-runtime+data,unnamed,18,0,,,"",""
0x02BA7E,278,PLANC-runtime+data,unnamed,1,3,,,"",""
0x02BB94,14,PLANC-runtime+data,unnamed,21,0,,,"",""
0x02BBA2,26,PLANC-runtime+data,unnamed,23,0,,,"",""
0x02BBBC,168,PLANC-runtime+data,unnamed,27,0,,,"",""
0x02BC64,232,PLANC-runtime+data,unnamed,23,0,,0x02 0x02 0x02 0x02 0x02 0x02 0x02,"",""
0x02BD4C,94,PLANC-runtime+data,unnamed,0,0,,0x02 0x02,"",""
0x02BDAA,34,PLANC-runtime+data,unnamed,0,0,,,"",""
0x02BDCC,4,PLANC-runtime+data,unnamed,4,0,,0x00,"",""
0x02BDD0,52,PLANC-runtime+data,unnamed,1,0,,0x01,"",""
0x02BE04,3148,PLANC-runtime+data,unnamed,2,1,,0x02,"",""
0x02CA50,2886,PLANC-runtime+data,unnamed,1,2,,,"",""
0x02D596,7,PLANC-runtime+data,unnamed,1,0,,,"",""
0x02D59D,45,PLANC-runtime+data,unnamed,1,3,,,"",""
0x02D5CA,30,PLANC-runtime+data,unnamed,1,0,,,"",""
0x02D5E8,74,PLANC-runtime+data,unnamed,1,0,,,"",""
0x02D632,358,PLANC-runtime+data,unnamed,1,1,,,"",""
0x02D798,975,PLANC-runtime+data,unnamed,1,2,,,"",""
0x02DB67,31,PLANC-runtime+data,unnamed,1,1,,,"",""
0x02DB86,105,PLANC-runtime+data,unnamed,1,1,,,"",""
0x02DBEF,27,PLANC-runtime+data,unnamed,1,0,,,"",""
0x02DC0A,37903,PLANC-runtime+data,unnamed,1,1,,,"",""
0x037019,209790,PLANC-runtime+data,unnamed,1,2,,,"",""
0x06A397,61,PLANC-runtime+data,unnamed,1,0,,,"",""
0x06A3D4,45199,PLANC-runtime+data,unnamed,1,1,,,"",""
0x075463,2962,PLANC-runtime+data,unnamed,1,4,,,"",""
0x075FF5,16,PLANC-runtime+data,unnamed,1,1,,,"",""
0x076005,4,PLANC-runtime+data,unnamed,1,0,,,"",""
0x076009,7,PLANC-runtime+data,unnamed,1,1,,,"",""
0x076010,12,PLANC-runtime+data,unnamed,1,1,,,"",""
0x07601C,6,PLANC-runtime+data,unnamed,1,0,,,"",""
0x076022,14,PLANC-runtime+data,unnamed,1,1,,,"",""
0x076030,4,PLANC-runtime+data,unnamed,1,1,,,"",""
0x076034,17,PLANC-runtime+data,unnamed,1,1,,,"",""
0x076045,3,PLANC-runtime+data,unnamed,1,0,,,"",""
0x076048,15,PLANC-runtime+data,unnamed,1,2,,,"",""
0x076057,4,PLANC-runtime+data,unnamed,1,0,,,"",""
0x07605B,15,PLANC-runtime+data,unnamed,1,1,,,"",""
0x07606A,5,PLANC-runtime+data,unnamed,1,1,,,"",""
0x07606F,14,PLANC-runtime+data,unnamed,1,1,,,"",""
0x07607D,8,PLANC-runtime+data,unnamed,1,1,,,"",""
0x076085,11,PLANC-runtime+data,unnamed,1,0,,,"",""
0x076090,9,PLANC-runtime+data,unnamed,1,1,,,"",""
0x076099,9,PLANC-runtime+data,unnamed,1,1,,,"",""
0x0760A2,11,PLANC-runtime+data,unnamed,1,1,,,"",""
0x0760AD,16,PLANC-runtime+data,unnamed,1,1,,,"",""
0x0760BD,2,PLANC-runtime+data,unnamed,1,0,,,"",""
0x0760BF,19,PLANC-runtime+data,unnamed,1,2,,,"",""
0x0760D2,8,PLANC-runtime+data,unnamed,1,1,,,"",""
0x0760DA,11,PLANC-runtime+data,unnamed,1,1,,,"",""
0x0760E5,12,PLANC-runtime+data,unnamed,1,1,,,"",""
0x0760F1,6,PLANC-runtime+data,unnamed,1,0,,,"",""
0x0760F7,16,PLANC-runtime+data,unnamed,1,1,,,"",""
0x076107,148,PLANC-runtime+data,unnamed,0,5,,,"",""
0x07619B,20,PLANC-runtime+data,unnamed,1,0,,,"",""
0x0761AF,14,PLANC-runtime+data,unnamed,1,0,,,"",""
0x0761BD,1,PLANC-runtime+data,unnamed,1,0,,,"",""
0x0761BE,138,PLANC-runtime+data,unnamed,1,1,,,"",""
0x076248,22596,PLANC-runtime+data,unnamed,1,1,,,"",""
0x07BA8C,350,PLANC-runtime+data,unnamed,1,3,,,"",""
0x07BBEA,14,PLANC-runtime+data,unnamed,1,2,,,"",""
0x07BBF8,28,PLANC-runtime+data,unnamed,1,0,,,"",""
0x07BC14,4,PLANC-runtime+data,unnamed,1,0,,,"",""
0x07BC18,49,PLANC-runtime+data,unnamed,1,1,,,"",""
0x07BC49,86,PLANC-runtime+data,unnamed,1,0,,,"",""
0x07BC9F,622,PLANC-runtime+data,unnamed,1,1,,,"",""
0x07BF0D,280,PLANC-runtime+data,unnamed,1,3,,,"",""
0x07C025,13,PLANC-runtime+data,unnamed,1,0,,,"",""
0x07C032,72,PLANC-runtime+data,unnamed,1,0,,,"",""
0x07C07A,227,PLANC-runtime+data,unnamed,1,3,,,"",""
0x07C15D,16,PLANC-runtime+data,unnamed,1,0,,,"",""
0x07C16D,53,PLANC-runtime+data,unnamed,1,1,,,"",""
0x07C1A2,57,PLANC-runtime+data,unnamed,1,3,,,"",""
0x07C1DB,75,PLANC-runtime+data,unnamed,1,3,,,"",""
0x07C226,18,PLANC-runtime+data,unnamed,1,0,,,"",""
0x07C238,2,PLANC-runtime+data,unnamed,1,0,,,"",""
0x07C23A,18,PLANC-runtime+data,unnamed,1,0,,,"",""
0x07C24C,2,PLANC-runtime+data,unnamed,1,0,,,"",""
0x07C24E,18,PLANC-runtime+data,unnamed,1,0,,,"",""
0x07C260,438,PLANC-runtime+data,unnamed,1,1,,,"",""
0x07C416,15338,PLANC-runtime+data,unnamed,1,0,,,"",""