address,name,kind
0x001A12,PiocOs_ContextReloadAndRte,identified
0x001A30,PIOCOS_leaf_01A30,placeholder
0x001A48,PIOCOS_leaf_01A48,placeholder
0x001A5C,PostAndSignalNd100Scip,identified
0x001A66,PiocOs_ContextSave,identified
0x001A96,FreeProcess_idle_entry,identified
0x001ACA,PIOCOS_leaf_01ACA,placeholder
0x001B00,Irq6Handler,identified
0x001CFE,FirmwareReset_entry,identified
0x001DD8,Irq7Handler,identified
0x001E00,PIOCOS_leaf_01E00,placeholder
0x001E38,PIOCOS_vec09_01E38,placeholder
0x001E9A,PIOCOS_leaf_01E9A,placeholder
0x001EEA,FaultPathCallbackTailJump,identified
0x001F08,PosTrap17_Unimplemented,identified
0x001F24,FaultStub_vec4,stub-fault
0x001F26,FaultStub_vec5,stub-fault
0x001F28,FaultStub_vec6,stub-fault
0x001F2A,FaultStub_vec7,stub-fault
0x001F2C,FaultStub_vec8,stub-fault
0x001F30,FaultStub_vec10,stub-fault
0x001F32,FaultStub_vec11,stub-fault
0x001F34,FaultStub_vec12,stub-fault
0x001F36,FaultStub_vec13,stub-fault
0x001F38,FaultStub_vec14,stub-fault
0x001F3A,FaultStub_vec15,stub-fault
0x001F3C,FaultStub_vec16,stub-fault
0x001F3E,FaultStub_vec17,stub-fault
0x001F40,FaultStub_vec18,stub-fault
0x001F42,FaultStub_vec19,stub-fault
0x001F44,FaultStub_vec20,stub-fault
0x001F46,FaultStub_vec21,stub-fault
0x001F48,FaultStub_vec22,stub-fault
0x001F4A,FaultStub_vec23,stub-fault
0x001F4C,FaultStub_vec24,stub-fault
0x001F4E,FaultStub_vec25,stub-fault
0x001F50,FaultStub_vec26,stub-fault
0x001F52,FaultStub_vec27,stub-fault
0x001F54,FaultStub_vec28,stub-fault
0x001F56,FaultStub_vec29,stub-fault
0x001F64,FaultStub_vec36,stub-fault
0x001F66,FaultStub_vec37,stub-fault
0x001F68,FaultStub_vec38,stub-fault
0x001F6A,FaultStub_vec39,stub-fault
0x001F6C,FaultStub_vec40,stub-fault
0x001F6E,FaultStub_vec41,stub-fault
0x001F72,FaultStub_vec43,stub-fault
0x001F74,FaultStub_vec44,stub-fault
0x001F76,FaultStub_vec45,stub-fault
0x001F78,FaultStub_vec46,stub-fault
0x001F7A,FaultStub_vec47,stub-fault
0x001F7C,FaultStub_vec48,stub-fault
0x001F7E,FaultStub_vec49,stub-fault
0x001F80,FaultStub_vec50,stub-fault
0x001F82,FaultStub_vec51,stub-fault
0x001F84,FaultStub_vec52,stub-fault
0x001F86,FaultStub_vec53,stub-fault
0x001F88,FaultStub_vec54,stub-fault
0x001F8A,FaultStub_vec55,stub-fault
0x001F8C,FaultStub_vec56,stub-fault
0x001F8E,FaultStub_vec57,stub-fault
0x001F90,FaultStub_vec58,stub-fault
0x001F92,FaultStub_vec59,stub-fault
0x001F94,FaultStub_vec60,stub-fault
0x001F96,FaultStub_vec61,stub-fault
0x001F98,FaultStub_vec62,stub-fault
0x001F9A,FaultStub_vec63,stub-fault
0x001F9C,FaultStub_vec64,stub-fault
0x001F9E,FaultStub_vec65,stub-fault
0x001FA0,FaultStub_vec66,stub-fault
0x001FA2,FaultStub_vec67,stub-fault
0x001FA4,FaultStub_vec68,stub-fault
0x001FA8,FaultStub_vec70,stub-fault
0x001FAA,FaultStub_vec71,stub-fault
0x001FAC,FaultStub_vec72,stub-fault
0x001FAE,FaultStub_vec73,stub-fault
0x001FB0,FaultStub_vec74,stub-fault
0x001FB2,FaultStub_vec75,stub-fault
0x001FB4,FaultStub_vec76,stub-fault
0x001FB6,FaultStub_vec77,stub-fault
0x001FBC,FaultStub_vec80,stub-fault
0x001FC6,FaultStub_vec85,stub-fault
0x001FCA,FaultStub_vec87,stub-fault
0x001FCC,FaultStub_vec88,stub-fault
0x001FD6,FaultStub_vec93,stub-fault
0x001FDA,FaultStub_vec95,stub-fault
0x001FDC,FaultStub_vec96,stub-fault
0x001FE6,FaultStub_vec101,stub-fault
0x001FEA,FaultStub_vec103,stub-fault
0x001FEC,FaultStub_vec104,stub-fault
0x001FF6,FaultStub_vec109,stub-fault
0x001FFA,FaultStub_vec111,stub-fault
0x001FFC,FaultStub_vec112,stub-fault
0x001FFE,FaultStub_vec113,stub-fault
0x002000,FaultStub_vec114,stub-fault
0x002002,FaultStub_vec115,stub-fault
0x002004,FaultStub_vec116,stub-fault
0x002006,FaultStub_vec117,stub-fault
0x002008,FaultStub_vec118,stub-fault
0x00200A,FaultStub_vec119,stub-fault
0x00200C,FaultStub_vec120,stub-fault
0x00200E,FaultStub_vec121,stub-fault
0x002010,FaultStub_vec122,stub-fault
0x002012,FaultStub_vec123,stub-fault
0x002014,FaultStub_vec124,stub-fault
0x002016,FaultStub_vec125,stub-fault
0x002018,FaultStub_vec126,stub-fault
0x00201A,FaultStub_vec127,stub-fault
0x00201C,FaultStub_vec128,stub-fault
0x00201E,FaultStub_vec129,stub-fault
0x002020,FaultStub_vec130,stub-fault
0x002022,FaultStub_vec131,stub-fault
0x002024,FaultStub_vec132,stub-fault
0x002026,FaultStub_vec133,stub-fault
0x002028,FaultStub_vec134,stub-fault
0x00202A,FaultStub_vec135,stub-fault
0x00202C,FaultStub_vec136,stub-fault
0x00202E,FaultStub_vec137,stub-fault
0x002030,FaultStub_vec138,stub-fault
0x002032,FaultStub_vec139,stub-fault
0x002034,FaultStub_vec140,stub-fault
0x002036,FaultStub_vec141,stub-fault
0x002038,FaultStub_vec142,stub-fault
0x00203A,FaultStub_vec143,stub-fault
0x00203C,FaultStub_vec144,stub-fault
0x00203E,FaultStub_vec145,stub-fault
0x002040,FaultStub_vec146,stub-fault
0x002042,FaultStub_vec147,stub-fault
0x002044,FaultStub_vec148,stub-fault
0x002046,FaultStub_vec149,stub-fault
0x002048,FaultStub_vec150,stub-fault
0x00204A,FaultStub_vec151,stub-fault
0x00204C,FaultStub_vec152,stub-fault
0x00204E,FaultStub_vec153,stub-fault
0x002050,FaultStub_vec154,stub-fault
0x002052,FaultStub_vec155,stub-fault
0x002054,FaultStub_vec156,stub-fault
0x002056,FaultStub_vec157,stub-fault
0x002058,FaultStub_vec158,stub-fault
0x00205A,FaultStub_vec159,stub-fault
0x00205C,FaultStub_vec160,stub-fault
0x00205E,FaultStub_vec161,stub-fault
0x002060,FaultStub_vec162,stub-fault
0x002062,FaultStub_vec163,stub-fault
0x002064,FaultStub_vec164,stub-fault
0x002066,FaultStub_vec165,stub-fault
0x002068,FaultStub_vec166,stub-fault
0x00206A,FaultStub_vec167,stub-fault
0x00206C,FaultStub_vec168,stub-fault
0x00206E,FaultStub_vec169,stub-fault
0x002070,FaultStub_vec170,stub-fault
0x002072,FaultStub_vec171,stub-fault
0x002074,FaultStub_vec172,stub-fault
0x002076,FaultStub_vec173,stub-fault
0x002078,FaultStub_vec174,stub-fault
0x00207A,FaultStub_vec175,stub-fault
0x00207C,FaultStub_vec176,stub-fault
0x00207E,FaultStub_vec177,stub-fault
0x002080,FaultStub_vec178,stub-fault
0x002082,FaultStub_vec179,stub-fault
0x002084,FaultStub_vec180,stub-fault
0x002086,FaultStub_vec181,stub-fault
0x002088,FaultStub_vec182,stub-fault
0x00208A,FaultStub_vec183,stub-fault
0x00208C,FaultStub_vec184,stub-fault
0x00208E,FaultStub_vec185,stub-fault
0x002090,FaultStub_vec186,stub-fault
0x002092,FaultStub_vec187,stub-fault
0x002094,FaultStub_vec188,stub-fault
0x002096,FaultStub_vec189,stub-fault
0x002098,FaultStub_vec190,stub-fault
0x00209A,FaultStub_vec191,stub-fault
0x00209C,FaultStub_vec192,stub-fault
0x00209E,FaultStub_vec193,stub-fault
0x0020A0,FaultStub_vec194,stub-fault
0x0020A2,FaultStub_vec195,stub-fault
0x0020A4,FaultStub_vec196,stub-fault
0x0020A6,FaultStub_vec197,stub-fault
0x0020A8,FaultStub_vec198,stub-fault
0x0020AA,FaultStub_vec199,stub-fault
0x0020AC,FaultStub_vec200,stub-fault
0x0020AE,FaultStub_vec201,stub-fault
0x0020B0,FaultStub_vec202,stub-fault
0x0020B2,FaultStub_vec203,stub-fault
0x0020B4,FaultStub_vec204,stub-fault
0x0020B6,FaultStub_vec205,stub-fault
0x0020B8,FaultStub_vec206,stub-fault
0x0020BA,FaultStub_vec207,stub-fault
0x0020BC,FaultStub_vec208,stub-fault
0x0020BE,FaultStub_vec209,stub-fault
0x0020C0,FaultStub_vec210,stub-fault
0x0020C2,FaultStub_vec211,stub-fault
0x0020C4,FaultStub_vec212,stub-fault
0x0020C6,FaultStub_vec213,stub-fault
0x0020C8,FaultStub_vec214,stub-fault
0x0020CA,FaultStub_vec215,stub-fault
0x0020CC,FaultStub_vec216,stub-fault
0x0020CE,FaultStub_vec217,stub-fault
0x0020D0,FaultStub_vec218,stub-fault
0x0020D2,FaultStub_vec219,stub-fault
0x0020D4,FaultStub_vec220,stub-fault
0x0020D6,FaultStub_vec221,stub-fault
0x0020D8,FaultStub_vec222,stub-fault
0x0020DA,FaultStub_vec223,stub-fault
0x0020DC,FaultStub_vec224,stub-fault
0x0020DE,FaultStub_vec225,stub-fault
0x0020E0,FaultStub_vec226,stub-fault
0x0020E2,FaultStub_vec227,stub-fault
0x0020E4,FaultStub_vec228,stub-fault
0x0020E6,FaultStub_vec229,stub-fault
0x0020E8,FaultStub_vec230,stub-fault
0x0020EA,FaultStub_vec231,stub-fault
0x0020EC,FaultStub_vec232,stub-fault
0x0020EE,FaultStub_vec233,stub-fault
0x0020F0,FaultStub_vec234,stub-fault
0x0020F2,FaultStub_vec235,stub-fault
0x0020F4,FaultStub_vec236,stub-fault
0x0020F6,FaultStub_vec237,stub-fault
0x0020F8,FaultStub_vec238,stub-fault
0x0020FA,FaultStub_vec239,stub-fault
0x0020FC,FaultStub_vec240,stub-fault
0x0020FE,FaultStub_vec241,stub-fault
0x002100,FaultStub_vec242,stub-fault
0x002102,FaultStub_vec243,stub-fault
0x002104,FaultStub_vec244,stub-fault
0x002106,FaultStub_vec245,stub-fault
0x002108,FaultStub_vec246,stub-fault
0x00210A,FaultStub_vec247,stub-fault
0x00210C,FaultStub_vec248,stub-fault
0x00210E,FaultStub_vec249,stub-fault
0x002110,FaultStub_vec250,stub-fault
0x002112,FaultStub_vec251,stub-fault
0x002114,FaultStub_vec252,stub-fault
0x002116,FaultStub_vec253,stub-fault
0x002118,FaultStub_vec254,stub-fault
0x00211A,FaultStub_vec255,stub-fault
0x00211C,Vec02_BusError,identified
0x002136,Vec03_AddressError,identified
0x002142,PIOCOS_leaf_02142,placeholder
0x002160,Trap01_FaultReporter,identified
0x002192,PosMakeProcessRunnable,identified
0x0021D6,PosQueueHostRequestAndRingScip,identified
0x002340,PosClaimSlotOwnership,identified
0x0023CA,PosReleaseSlotOwnership,identified
0x002424,PosSlotTableLookup,identified
0x0024AA,PosSlotOperation,identified
0x00250E,Nd100HostDoorbellVector78_original,identified
0x002562,PosPostSignalEvent,identified
0x0025B0,PosTrap09_FastPath,identified
0x002606,Trap03_Handler,identified
0x002958,PosAllocateObjectTableSlot,identified
0x0029B0,PosResolveHandleToObject,identified
0x002A06,PosValidateObject,identified
0x002B76,PosWaitAlreadySignalled,identified
0x002BD8,PosWaitForEventMask_flag3,identified
0x002C34,PosWaitForEventMask_flag5,identified
0x002D94,PosTrap02_WrapperOf14,identified
0x002DEC,PosTrap01_ClaimThenSlotOp,identified
0x002E72,PosTrap00_ResolveCurrentProcess,identified
0x002E98,PosCreateObject,identified
0x002ECC,PosCreateObjectBody,identified
0x003046,PosStartProcess,identified
0x0030F2,PosTrap05_DeleteObject,identified
0x003150,PosTrap1A_TerminateProcess,identified
0x003176,PosTrap06_HandleExists,identified
0x0031A8,PosTrap11_GetOwnHandle,identified
0x0031D4,PosTrap07_LookupObjectByName,identified
0x003218,PosTrap08_GetObjectNameByHandle,identified
0x003286,PosTrap0A_WaitForEvent,identified
0x0032CA,PosTrap0B_WaitForEvent2,identified
0x00330E,PosTrap0C_ReadAndClearPendingEvents,identified
0x003348,PosTrap19_SuspendSelf,identified
0x003396,PosTrap0F_InstallVector,identified
0x0033EA,PosTrap10_InstallCallback,identified
0x003476,PosTrap09_PostSignal,identified
0x003498,PiocOsTrap2Dispatch,identified
0x0035BE,HeapInitFreeList,identified
0x0036A4,HeapAllocateBlock,identified
0x003840,PosDeleteObjectBody,identified
0x00396A,PIOCOS_leaf_0396A,placeholder
0x003A58,PIOCOS_leaf_03A58,placeholder
0x003A68,RtcMfpTimerIsr,identified
0x003AD2,RtcInitCreateAndStartRtcProcess,identified
0x003D9E,PosTimerUnlinkElement,identified
0x003E00,PosTimerFamilyHelper,identified
0x003E62,PIOCOS_leaf_03E62,placeholder
0x003EA6,PosTrap0D_TimerArm,identified
0x003FBE,PosTrap0E_TimerCancel,identified
0x00403A,PosTrap18_TimerV2,identified
0x004074,IgnoreIrq_04074,stub-rte
0x004076,IgnoreIrq_04076,stub-rte
0x004078,IgnoreIrq_04078,stub-rte
0x00407A,IgnoreIrq_0407A,stub-rte
0x00407C,IgnoreIrq_0407C,stub-rte
0x00407E,IgnoreIrq_0407E,stub-rte
0x004080,IgnoreIrq_04080,stub-rte
0x004082,IgnoreIrq_04082,stub-rte
0x004084,IgnoreIrq_04084,stub-rte
0x004086,IgnoreIrq_04086,stub-rte
0x004088,IgnoreIrq_04088,stub-rte
0x00408A,IgnoreIrq_0408A,stub-rte
0x00408C,IgnoreIrq_0408C,stub-rte
0x00408E,IgnoreIrq_0408E,stub-rte
0x004090,IgnoreIrq_04090,stub-rte
0x004092,IgnoreIrq_04092,stub-rte
0x004094,IgnoreIrq_04094,stub-rte
0x004096,IgnoreIrq_04096,stub-rte
0x004098,IgnoreIrq_04098,stub-rte
0x00409A,IgnoreIrq_0409A,stub-rte
0x00409E,PIOCOS_leaf_0409E,placeholder
0x0040A2,PosTrap16_Unimplemented,identified
0x0040BE,PIOCOS_leaf_040BE,placeholder
0x0041DE,PIOCOS_leaf_041DE,placeholder
0x00430E,PIOCOS_leaf_0430E,placeholder
0x00436C,PIOCOS_leaf_0436C,placeholder
0x00440A,PIOCOS_leaf_0440A,placeholder
0x004418,PIOCOS_leaf_04418,placeholder
0x004432,ND_REMV_kernel,identified
0x004456,PlancFrameAlloc_Skip8,identified
0x004492,PlancFrameAlloc_Skip4,identified
0x0044B4,PlancReturnNormal,identified
0x0044C4,PlancReturnError,identified
0x00465C,Lance_InterruptService,identified
0x0046FA,ENMA_copy_046FA,placeholder
0x0047EA,ENMA_util_047EA,placeholder
0x00483E,ENMA_util_0483E,placeholder
0x004866,ENMA_util_04866,placeholder
0x0048AE,ENMA_util_048AE,placeholder
0x0048E6,ENMA_util_048E6,placeholder
0x00491E,ENMA_math_0491E,placeholder
0x004BD0,ENMA_util_04BD0,placeholder
0x004C12,ENMA_util_04C12,placeholder
0x004C48,ENMA_ReportError,identified
0x004C98,ENMA_util_04C98,placeholder
0x004D32,ENMA_util_04D32,placeholder
0x004D84,AIP_sub_04D84,placeholder
0x004E0E,ENMA_stub_04E0E,placeholder
0x004E24,ENMA_util_04E24,placeholder
0x004EBA,ENMA_util_04EBA,placeholder
0x004F22,ENMA_util_04F22,placeholder
0x004F74,AIP_leaf_04F74,placeholder
0x004FDC,AIP_leaf_04FDC,placeholder
0x005038,ENMA_uncalled_05038,placeholder
0x005078,ENMA_leaf_05078,placeholder
0x0050DA,ENMA_uncalled_050DA,placeholder
0x00510C,AIP_leaf_0510C,placeholder
0x00521A,AIP_leaf_0521A,placeholder
0x005284,ENMA_leaf_05284,placeholder
0x005302,AIP_sub_05302,placeholder
0x005324,ENMA_util_05324,placeholder
0x0054B2,ENMA_uncalled_054B2,placeholder
0x00555E,ENMA_uncalled_0555E,placeholder
0x0055F6,ENMA_util_055F6,placeholder
0x00561E,ENMA_util_0561E,placeholder
0x005666,ENMA_util_05666,placeholder
0x0057FA,ENMA_sub_057FA,placeholder
0x005894,ENMA_leaf_05894,placeholder
0x005908,AIP_buf_05908,placeholder
0x00597E,ENMA_uncalled_0597E,placeholder
0x0059F4,ENMA_util_059F4,placeholder
0x005E1C,ENMA_leaf_05E1C,placeholder
0x005EDE,ENMA_util_05EDE,placeholder
0x0062E8,AIP_leaf_062E8,placeholder
0x006348,AIP_sub_06348,placeholder
0x0064B8,ENMA_TraceIfEnabled,identified
0x0065FA,ENMA_Service,identified
0x006748,ENMA_TransmitFrame,identified
0x0067CC,ENMA_GetReceivedFrame,identified
0x006824,ENMA_leaf_06824,placeholder
0x00687C,ENMA_util_0687C,placeholder
0x006946,ENMA_leaf_06946,placeholder
0x006A34,POMN_ReportErrorWithTag,identified
0x006AB4,POMN_sub_06AB4,placeholder
0x006B36,POMN_ReportError,identified
0x007022,POMN_sub_07022,placeholder
0x007096,POMN_sub_07096,placeholder
0x0070EE,POMN_sub_070EE,placeholder
0x0071FA,POMN_sub_071FA,placeholder
0x007368,POMN_leaf_07368,placeholder
0x007394,INITSUPERK,identified
0x007446,POMN_sub_07446,placeholder
0x0078E8,POMN_sub_078E8,placeholder
0x007946,POMN_FatalSkpInitStatus,identified
0x007A3C,POMN_FatalSkpScheduleMultiple,identified
0x007B24,POMN_InitPortsAndMessages,identified
0x007DEC,POMN_util_07DEC,placeholder
0x007E1A,POMN_uncalled_07E1A,placeholder
0x007FE8,XMSUP_sub_07FE8,placeholder
0x00802E,TCPD_PrintStringAndNumber,identified
0x008092,TCPD_ClientSession,identified
0x008834,TCPD_ReportUnsetGivingUp,identified
0x0088CE,TCPD_ReportGivingUp,identified
0x008958,AIP_TraceIfEnabled,identified
0x0089CC,AIP_ReportPiocError,identified
0x008A34,AIP_buf_08A34,placeholder
0x008A6A,AIP_Initialise,identified
0x008D30,AIP_buf_08D30,placeholder
0x008D76,FSMR_sub_08D76,placeholder
0x008E48,ARP_SendPacket,identified
0x008FA6,AIP_sub_08FA6,placeholder
0x009048,ARP_Resolve,identified
0x0091C0,ARP_Input,identified
0x0093BE,AIP_AgeReassemblyQueue,identified
0x009486,ICMP_EchoReply,identified
0x009568,IP_FragmentAndSend,identified
0x0097F0,IP_Output,identified
0x0098BA,AIP_sub_098BA,placeholder
0x00994E,AIP_ReassembleFragment,identified
0x009C1E,IP_Input,identified
0x00A258,IP_DeliverQueued,identified
0x00A382,EII_ReceiveFrameLoop,identified
0x00A67C,STUB_empty_0A67C,stub-empty
0x00A692,STUB_empty_0A692,stub-empty
0x00A6A8,AIP_tiny_0A6A8,placeholder
0x00A6C2,AIP_tiny_0A6C2,placeholder
0x00A6DC,AIP_tiny_0A6DC,placeholder
0x00A6F6,STUB_empty_0A6F6,stub-empty
0x00A70C,TCP_tiny_0A70C,placeholder
0x00A726,TCP_tiny_0A726,placeholder
0x00A740,TCP_tiny_0A740,placeholder
0x00A75A,TCP_tiny_0A75A,placeholder
0x00A774,TCP_tiny_0A774,placeholder
0x00A78E,TCP_tiny_0A78E,placeholder
0x00A7A8,TCP_tiny_0A7A8,placeholder
0x00A7C2,TCP_tiny_0A7C2,placeholder
0x00A7DC,TCP_stub_0A7DC,placeholder
0x00A7F2,PIOC_ReportTcpPiocTag,identified
0x00A83C,NET_PostStatus,identified
0x00A84C,TCP_stub_0A84C,placeholder
0x00A862,TCP_leaf_0A862,placeholder
0x00A896,TCP_tiny_0A896,placeholder
0x00A8AE,PIOC_ReportError,identified
0x00A908,NET_ChecksumBuffer,identified
0x00A950,TCP_sub_0A950,placeholder
0x00AA76,TCP_leaf_0AA76,placeholder
0x00AB36,XMSGS_sub_0AB36,placeholder
0x00ABAC,TCP_leaf_0ABAC,placeholder
0x00AC0E,FSMR_leaf_0AC0E,placeholder
0x00AC54,SO_AllocPcb,identified
0x00ACB8,FSMR_leaf_0ACB8,placeholder
0x00AD46,TCP_leaf_0AD46,placeholder
0x00ADC2,TCP_buf_0ADC2,placeholder
0x00B0E0,TCP_buf_0B0E0,placeholder
0x00B1DC,TCP_buf_0B1DC,placeholder
0x00B216,FSMR_StateMachineStep,identified
0x00B42A,TCP_sub_0B42A,placeholder
0x00BB90,TCP_buf_0BB90,placeholder
0x00BD2A,TCP_Input,identified
0x00C326,TCP_tiny_0C326,placeholder
0x00C3D0,TCP_leaf_0C3D0,placeholder
0x00C46E,SO_Attach,identified
0x00C506,TCP_UsrReqClose,identified
0x00C580,SO_IoctlDispatch,identified
0x00D510,TCP_UsrReq,identified
0x00D520,TCP_leaf_0D520,placeholder
0x00D56A,TCP_leaf_0D56A,placeholder
0x00E908,BUF_AllocWait,identified
0x00EAAE,RAWinput,identified
0x00ED40,RAWusrequest,identified
0x00ED50,RAW_leaf_0ED50,placeholder
0x00F5A2,UDP_Input,identified
0x00F998,MAIN_UdpOutput,identified
0x00FB6E,UDP_UsrReq,identified
0x00FB7E,UDP_leaf_0FB7E,placeholder
0x0103E6,MAIN_MainLoop,identified
0x0105D2,XMSGS_sub_105D2,placeholder
0x0107B8,MAIN_FormatHex,identified
0x01088C,SO_util_1088C,placeholder
0x010C94,SO_uncalled_10C94,placeholder
0x010D46,FSMR_leaf_10D46,placeholder
0x010E8E,NET_OnesComplementSum,identified
0x010F2C,SO_rep_10F2C,placeholder
0x010FFE,SO_ReleaseMessage,identified
0x01107E,STUB_empty_1107E,stub-empty
0x011094,SO_sub_11094,placeholder
0x011154,SO_rep_11154,placeholder
0x0112B8,PIOC_SleepTicks,identified
0x011390,XMSGS_sub_11390,placeholder
0x01153A,SO_SendToHost,identified
0x011680,SO_util_11680,placeholder
0x01192E,SO_util_1192E,placeholder
0x01198E,SO_util_1198E,placeholder
0x011A52,SO_NotifyHost,identified
0x011C0C,SO_rep_11C0C,placeholder
0x011FAA,SO_util_11FAA,placeholder
0x012000,SO_util_12000,placeholder
0x01209C,FSMR_sub_1209C,placeholder
0x01215A,SO_util_1215A,placeholder
0x01222E,SO_util_1222E,placeholder
0x0123A6,FSMR_sub_123A6,placeholder
0x012434,SO_leaf_12434,placeholder
0x01245A,SO_util_1245A,placeholder
0x0124AC,SO_rep_124AC,placeholder
0x012584,SO_util_12584,placeholder
0x0125D4,SO_rep_125D4,placeholder
0x0126BA,FSMR_sub_126BA,placeholder
0x012756,SO_rep_12756,placeholder
0x0128A6,XMSGS_sub_128A6,placeholder
0x01292E,SO_util_1292E,placeholder
0x0129D0,FSMR_rep_129D0,placeholder
0x012A4A,SO_leaf_12A4A,placeholder
0x012B16,SO_util_12B16,placeholder
0x012BAC,FSMR_rep_12BAC,placeholder
0x012C40,FSMR_rep_12C40,placeholder
0x012D1A,FSMR_rep_12D1A,placeholder
0x012E06,SO_rep_12E06,placeholder
0x012E18,SO_leaf_12E18,placeholder
0x01375E,SO_rep_1375E,placeholder
0x013F5E,SO_uncalled_13F5E,placeholder
0x014370,SL_buf_14370,placeholder
0x01461E,SL_sub_1461E,placeholder
0x0148FE,SL_leaf_148FE,placeholder
0x0149E6,SL_leaf_149E6,placeholder
0x014AE2,SL_sub_14AE2,placeholder
0x014C02,FSMR_tiny_14C02,placeholder
0x014C1C,XMSGS_leaf_14C1C,placeholder
0x014D44,BUF_FreeOne,identified
0x014E84,FSMR_buf_14E84,placeholder
0x014EAA,BUF_FreeChain,identified
0x014EDE,BUF_AllocTry,identified
0x01502E,FSMR_uncalled_1502E,placeholder
0x0150AE,FSMR_rep_150AE,placeholder
0x015256,FSMR_buf_15256,placeholder
0x015380,FSMR_leaf_15380,placeholder
0x0154E6,FSMR_leaf_154E6,placeholder
0x015528,FSMR_buf_15528,placeholder
0x015660,FSMR_rep_15660,placeholder
0x0156D0,FSMR_sub_156D0,placeholder
0x0156FE,FSMR_buf_156FE,placeholder
0x0158C8,FSMR_buf_158C8,placeholder
0x015946,FSMR_buf_15946,placeholder
0x015B18,SO_Reserve,identified
0x015B5A,XMSGS_leaf_15B5A,placeholder
0x015BFA,TCP_leaf_15BFA,placeholder
0x015C6A,FSMR_leaf_15C6A,placeholder
0x015C98,TCP_sub_15C98,placeholder
0x015CEC,FSMR_copy_15CEC,placeholder
0x015E72,FSMR_copy_15E72,placeholder
0x015F74,SO_FreePcb,identified
0x015FD0,FSMR_leaf_15FD0,placeholder
0x016012,FSMR_leaf_16012,placeholder
0x016054,STUB_empty_16054,stub-empty
0x01606A,RAW_buf_1606A,placeholder
0x01647A,FSMR_leaf_1647A,placeholder
0x0164D4,FSMR_SendPacket,identified
0x016904,FSMR_buf_16904,placeholder
0x016AB8,FSMR_leaf_16AB8,placeholder
0x016BA4,TIMER_SlowTick,identified
0x016CBA,TCP_rep_16CBA,placeholder
0x016E4E,FSMR_leaf_16E4E,placeholder
0x016EC0,SO_DetachCleanup,identified
0x016FB0,SO_Detach,identified
0x016FEA,FSMR_TcpOutput,identified
0x0175A8,FSMR_ProcessAck,identified
0x017858,FSMR_ReceiveData,identified
0x0180EC,FSMR_ProcessSegment,identified
0x0184E6,TCP_rep_184E6,placeholder
0x018618,FSMR_buf_18618,placeholder
0x01874A,FSMR_TcpExtractOob,identified
0x018A4A,FSMR_Act01_OpenToListen,identified
0x018A7A,FSMR_Act04_OpenToSynSent,identified
0x018AC8,FSMR_Act06_CloseFromUnopened,identified
0x018AF4,FSMR_Act08_CloseWaitToLastAck,identified
0x018B58,FSMR_Act12_State12Receive,identified
0x018BC6,FSMR_Act14_CloseToFinWait1,identified
0x018C2A,FSMR_Act18_NoStateChange,identified
0x018C72,FSMR_Act19_SendNoStateChange,identified
0x018DB6,FSMR_Act20_RecvNoStateChange,identified
0x018E0A,FSMR_Act21_AbortUnopened,identified
0x018E36,FSMR_Act22_AbortOpened,identified
0x018EBC,FSMR_Act23_Event9ToClosed,identified
0x018EE8,FSMR_Act25_NoStateChange,identified
0x018F20,FSMR_Act02_ListenSegment,identified
0x0190D6,FSMR_Act05_SynSentSegment,identified
0x0191DA,FSMR_Act10_ClosingSegment,identified
0x019358,FSMR_Act11_LastAckSegment,identified
0x019450,FSMR_Act15_FinWait1Segment,identified
0x01952C,FSMR_Act03_SynRcvdSegment,identified
0x01968E,FSMR_Act07_EstabSegment,identified
0x0196FA,FSMR_Act16_FinWait2ToTimeWait,identified
0x01976C,FSMR_Act17_NoStateChange,identified
0x019848,FSMR_Act13_NoStateChange,identified
0x0198E8,FSMR_Act09_TimerExpiry,identified
0x019E66,FSMR_NoTransition,identified
0x019E80,TELNET_ReportError,identified
0x019EDE,TELNET_leaf_19EDE,placeholder
0x019F20,TELNET_leaf_19F20,placeholder
0x019F52,TELNET_sub_19F52,placeholder
0x019FBC,TELNET_sock_19FBC,placeholder
0x01A078,TELNET_SendToSocket,identified
0x01A114,TELNET_sub_1A114,placeholder
0x01A1A0,TELNET_sub_1A1A0,placeholder
0x01A2AA,TELNET_CloseConnection,identified
0x01A312,TELNET_sub_1A312,placeholder
0x01A35E,TELNET_sub_1A35E,placeholder
0x01A3C2,TELNET_leaf_1A3C2,placeholder
0x01A3E6,TELNET_sub_1A3E6,placeholder
0x01A440,TELNET_sub_1A440,placeholder
0x01A49E,TELNET_sub_1A49E,placeholder
0x01A4D2,TELNET_FormatHex,identified
0x01A5CE,TELNET_sub_1A5CE,placeholder
0x01A82E,TELNET_sub_1A82E,placeholder
0x01A93E,TELNET_RecvFromSocket,identified
0x01A9CE,TELNET_sub_1A9CE,placeholder
0x01AAA4,TELNET_sub_1AAA4,placeholder
0x01ABC8,TELNET_sub_1ABC8,placeholder
0x01AFA2,TELNET_sub_1AFA2,placeholder
0x01B076,TELNET_sub_1B076,placeholder
0x01B0CA,TELNET_PollSocket,identified
0x01B2A2,TELNET_sub_1B2A2,placeholder
0x01B326,TELNET_sub_1B326,placeholder
0x01B454,TELNET_TearDownConnection,identified
0x01B57E,TELNET_ReportServerAvailable,identified
0x01B7F0,TELNET_sock_1B7F0,placeholder
0x01BA90,TELNET_AcceptLoop,identified
0x01BCF4,TELNET_ServerInit,identified
0x01C058,TELNET_sub_1C058,placeholder
0x01C10E,TELNET_Main,identified
0x01C300,TELNET_sub_1C300,placeholder
0x01C3E8,TELNET_sub_1C3E8,placeholder
0x01C47C,TELNET_sub_1C47C,placeholder
0x01C4CE,TELNET_sub_1C4CE,placeholder
0x01C56A,TELNET_sub_1C56A,placeholder
0x01C5FC,TELNET_leaf_1C5FC,placeholder
0x01C6E2,TELNET_sub_1C6E2,placeholder
0x01C84A,TELNET_leaf_1C84A,placeholder
0x01C87C,TELNET_sub_1C87C,placeholder
0x01C8DA,TELNET_leaf_1C8DA,placeholder
0x01C922,TELNET_sub_1C922,placeholder
0x01C962,TELNET_leaf_1C962,placeholder
0x01C9B4,TELNET_sub_1C9B4,placeholder
0x01CA24,TELNET_sub_1CA24,placeholder
0x01CC5A,TELNET_leaf_1CC5A,placeholder
0x01CD0E,TELNET_sub_1CD0E,placeholder
0x01CFB2,SL_uncalled_1CFB2,placeholder
0x01D040,TELNET_sub_1D040,placeholder
0x01D062,SLsleep,identified
0x01D0B4,SL_leaf_1D0B4,placeholder
0x01D112,SL_leaf_1D112,placeholder
0x01D170,SLsocket,identified
0x01D328,SLbind,identified
0x01D3DC,SLlisten,identified
0x01D4CE,SLaccept,identified
0x01D718,SLsend,identified
0x01D8C6,SLrecv,identified
0x01DA54,SLsense,identified
0x01DB90,SLshutdown,identified
0x01DCB8,SLclose,identified
0x01DE08,SLioctl,identified
0x01DFB6,SLTRC_sub_1DFB6,placeholder
0x01E002,SLTRC_uncalled_1E002,placeholder
0x01E050,SLTRC_sub_1E050,placeholder
0x01E0A0,SL_TracePruRequest,identified
0x01E10C,SLTRC_tiny_1E10C,placeholder
0x01E2AE,SLTRC_leaf_1E2AE,placeholder
0x01E380,SL_TraceConnectionState,identified
0x01E444,SL_TraceNewConnectionId,identified
0x01E878,SL_TraceEntry,identified
0x01E9FC,SL_TraceSleepAndWake,identified
0x01EC08,SL_TraceMessageWait,identified
0x01EC9E,XMSGS_sub_1EC9E,placeholder
0x01ED06,SLTRC_util_1ED06,placeholder
0x01EE7C,SL_sub_1EE7C,placeholder
0x01EE9C,SLTRC_leaf_1EE9C,placeholder
0x01EED4,SLTRC_leaf_1EED4,placeholder
0x01F286,SLTRC_math_1F286,placeholder
0x01F2B2,SLTRC_util_1F2B2,placeholder
0x01F2F0,SLTRC_util_1F2F0,placeholder
0x01F3A4,XMSGS_leaf_1F3A4,placeholder
0x01F3CC,SLTRC_math_1F3CC,placeholder
0x01F456,SLTRC_leaf_1F456,placeholder
0x01F4A8,SL_sub_1F4A8,placeholder
0x01F500,SLTRC_util_1F500,placeholder
0x01F55A,SLTRC_util_1F55A,placeholder
0x01F5F4,SLTRC_hub_1F5F4,placeholder
0x01F6B2,SLTRC_util_1F6B2,placeholder
0x01F6FC,SLTRC_util_1F6FC,placeholder
0x01F73C,SLTRC_uncalled_1F73C,placeholder
0x01F78A,SLTRC_util_1F78A,placeholder
0x01F7B4,TELNET_sub_1F7B4,placeholder
0x01F942,SLTRC_util_1F942,placeholder
0x01FA7C,SLTRC_util_1FA7C,placeholder
0x01FB84,SL_sub_1FB84,placeholder
0x01FBE2,SL_sub_1FBE2,placeholder
0x01FC6E,SL_sub_1FC6E,placeholder
0x01FCF4,SL_sub_1FCF4,placeholder
0x01FD70,SLTRC_uncalled_1FD70,placeholder
0x01FDD2,SL_leaf_1FDD2,placeholder
0x01FE02,SL_sub_1FE02,placeholder
0x01FE60,SL_sub_1FE60,placeholder
0x01FFA0,SL_sub_1FFA0,placeholder
0x02003A,SLTRC_uncalled_2003A,placeholder
0x020140,SLTRC_util_20140,placeholder
0x02024C,SLTRC_util_2024C,placeholder
0x0202D0,SLTRC_get_202D0,placeholder
0x0202F4,SLTRC_leaf_202F4,placeholder
0x020364,SLTRC_util_20364,placeholder
0x0203CC,SL_LookupSocketId,identified
0x020434,SLTRC_leaf_20434,placeholder
0x020474,SLTRC_leaf_20474,placeholder
0x0204F8,SLTRC_util_204F8,placeholder
0x020540,SLTRC_util_20540,placeholder
0x020588,SLTRC_uncalled_20588,placeholder
0x0205E8,SLTRC_util_205E8,placeholder
0x020688,SLTRC_util_20688,placeholder
0x02075A,SLTRC_uncalled_2075A,placeholder
0x02078A,SL_sub_2078A,placeholder
0x0207BA,SL_sub_207BA,placeholder
0x0207DC,SLTRC_util_207DC,placeholder
0x0208C0,SLTRC_util_208C0,placeholder
0x02097A,SLTRC_util_2097A,placeholder
0x0209F0,SLTRC_util_209F0,placeholder
0x020B90,SK_ReportLostMessage,identified
0x020C16,SLTRC_util_20C16,placeholder
0x021418,XMSGS_util_21418,placeholder
0x021454,XMSGS_sub_21454,placeholder
0x0214F8,XMSGS_leaf_214F8,placeholder
0x02152A,XMSG_SelectTcpServerName,identified
0x021850,XMSG_TelnetSessionEntry,identified
0x022240,XMSGS_util_22240,placeholder
0x022262,XMSGS_sub_22262,placeholder
0x0222DE,XMSGS_leaf_222DE,placeholder
0x022330,XMSGS_leaf_22330,placeholder
0x02237C,XMSGS_leaf_2237C,placeholder
0x0223CA,TCPD_sub_223CA,placeholder
0x02242C,XMSGS_util_2242C,placeholder
0x02249C,XMSGS_tiny_2249C,placeholder
0x0224B4,TCPD_leaf_224B4,placeholder
0x0224EA,TCPD_leaf_224EA,placeholder
0x02251A,XMSGS_tiny_2251A,placeholder
0x022532,XMSGS_tiny_22532,placeholder
0x022562,XMSGS_get_22562,placeholder
0x022582,XMSGS_get_22582,placeholder
0x0225A0,XMSGS_get_225A0,placeholder
0x0225BE,XMSGS_uncalled_225BE,placeholder
0x0227BE,XMSGS_uncalled_227BE,placeholder
0x022816,XMSGS_get_22816,placeholder
0x022832,TCPD_leaf_22832,placeholder
0x0228EC,XMSGS_math_228EC,placeholder
0x022C3A,TCPD_sub_22C3A,placeholder
0x022E32,TCPD_sub_22E32,placeholder
0x022EA4,XMSGS_util_22EA4,placeholder
0x022F08,TCPD_sub_22F08,placeholder
0x022F5C,TCPD_sub_22F5C,placeholder
0x022FC4,XMSGS_get_22FC4,placeholder
0x0230CC,TCPD_sub_230CC,placeholder
0x023104,TCPD_sub_23104,placeholder
0x023128,XMSGS_util_23128,placeholder
0x0231A2,XMSGS_uncalled_231A2,placeholder
0x023284,XMSGS_uncalled_23284,placeholder
0x02332C,XMSG_FormatHex,identified
0x0233EC,XMSGS_util_233EC,placeholder
0x02376E,XMSGS_util_2376E,placeholder
0x0237C2,XMSGS_util_237C2,placeholder
0x023808,XMSGS_uncalled_23808,placeholder
0x023850,XMSGS_util_23850,placeholder
0x023C5A,TCPD_sub_23C5A,placeholder
0x023CE4,TELNET_sub_23CE4,placeholder
0x023D38,XMSGS_uncalled_23D38,placeholder
0x023D6C,XMSGS_util_23D6C,placeholder
0x023D98,TCPD_sub_23D98,placeholder
0x023DBE,XMSGS_uncalled_23DBE,placeholder
0x023E06,XMSGS_uncalled_23E06,placeholder
0x023E6E,XMSGS_tiny_23E6E,placeholder
0x023E9C,XMSGS_tiny_23E9C,placeholder
0x023ECA,XMSGS_tiny_23ECA,placeholder
0x023EE2,XMSGS_tiny_23EE2,placeholder
0x023EFC,XMSGS_uncalled_23EFC,placeholder
0x023FF6,XMSGS_uncalled_23FF6,placeholder
0x02408C,TELNET_leaf_2408C,placeholder
0x02415C,XMSGS_uncalled_2415C,placeholder
0x024214,XMSGS_uncalled_24214,placeholder
0x0242F8,XMSGS_uncalled_242F8,placeholder
0x02436E,XMSGS_tiny_2436E,placeholder
0x0243E8,XMSGS_leaf_243E8,placeholder
0x02443E,XMSGS_leaf_2443E,placeholder
0x02449C,XMSGS_uncalled_2449C,placeholder
0x024556,XMSGS_util_24556,placeholder
0x024920,XMSG_ReceiveRequestAndReply,identified
0x0249C0,XMSGS_msg_249C0,placeholder
0x024AAE,XMSGS_util_24AAE,placeholder
0x024BD2,XMSGS_util_24BD2,placeholder
0x024EF0,XMSGS_util_24EF0,placeholder
0x024F9E,XMSGS_util_24F9E,placeholder
0x025030,XMSGS_msg_25030,placeholder
0x025094,XMSGS_msg_25094,placeholder
0x02544E,XMSGS_msg_2544E,placeholder
0x02579E,XMSGS_copy_2579E,placeholder
0x025B5C,SO_msg_25B5C,placeholder
0x025BC2,SO_sub_25BC2,placeholder
0x025D82,XMSGS_msg_25D82,placeholder
0x025DDC,XMSGS_util_25DDC,placeholder
0x025DF0,XMSGS_leaf_25DF0,placeholder
0x025E1A,LAB_dup_25E1A,label
0x025E1C,XMSGS_leaf_25E1C,placeholder
0x025E4C,XMSGS_leaf_25E4C,placeholder
0x026078,XMSG_ReleaseMessage,identified
0x02608C,XMSGS_tiny_2608C,placeholder
0x0260B4,XMSGS_leaf_260B4,placeholder
0x02625C,XMSGS_util_2625C,placeholder
0x026270,XMSGS_tiny_26270,placeholder
0x026296,LAB_dup_26296,label
0x026298,XMSGS_tiny_26298,placeholder
0x0262C0,XMSGS_leaf_262C0,placeholder
0x026688,XMSGS_util_26688,placeholder
0x02685A,XMSGS_util_2685A,placeholder
0x02686E,XMSGS_tiny_2686E,placeholder
0x026894,LAB_dup_26894,label
0x026896,XMSGS_tiny_26896,placeholder
0x0268BE,XMSGS_leaf_268BE,placeholder
0x026A22,XMSGS_util_26A22,placeholder
0x026A36,XMSGS_tiny_26A36,placeholder
0x026A5C,LAB_dup_26A5C,label
0x026A5E,XMSGS_tiny_26A5E,placeholder
0x026A86,XMSGS_leaf_26A86,placeholder
0x026BF0,XMSGS_copy_26BF0,placeholder
0x026CAA,XMSGS_util_26CAA,placeholder
0x026DAA,XMSGS_msg_26DAA,placeholder
0x026F78,XMSGS_msg_26F78,placeholder
0x026FFC,XMSGS_msg_26FFC,placeholder
0x0270A4,XMSGS_util_270A4,placeholder
0x02711C,XMSGS_msg_2711C,placeholder
0x0271C6,XMSG_SendReply,identified
0x0272DE,XMSGS_msg_272DE,placeholder
0x027350,XMSGS_msg_27350,placeholder
0x0274BA,XMSGS_util_274BA,placeholder
0x027690,XMSG_ReportModuleError,identified
0x027CE4,XMSG_RequestReply,identified
0x02810E,XMSG_SendAndRoute,identified
0x028196,XMPFOPN,identified
0x0281EE,XMPFCLS,identified
0x028244,XMPFGET,identified
0x0282A4,XMPFREL,identified
0x0282FA,XMPFREA,identified
0x02836E,XMPFWRI,identified
0x0283E2,XMPFSND,identified
0x02843E,XMPFRCV,identified
0x0284E2,XMSG_XFRRE_ReceiveAndRead,identified
0x02859A,XMPFPST,identified
0x028620,XMPFMST,identified
0x028698,XMPFSCM,identified
0x0286F6,XMPFPRV,identified
0x02874C,XMPFDMM,identified
0x0287A2,XMPFALM,identified
0x028800,XMSG_XFM2P_MagicToSysAndPort,identified
0x028880,XMSG_XFDUM_Dummy,identified
0x0288EC,XMSG_XFGSM_GeneralStatusMultiple,identified
0x028958,XMSUP_util_28958,placeholder
0x028A84,XMSUP_util_28A84,placeholder
0x028B04,XMSUP_util_28B04,placeholder
0x028B64,XMSUP_copy_28B64,placeholder
0x028CC0,XMSG_MapStatusToError,identified
0x028CF2,XMPXRTS,identified
0x028D32,XMSUP_tiny_28D32,placeholder
0x028D54,XMSUP_copy_28D54,placeholder
0x028F34,XMSUP_util_28F34,placeholder
0x028FFE,XMSUP_tiny_28FFE,placeholder
0x02901A,XMSUP_leaf_2901A,placeholder
0x02904A,XMSUP_util_2904A,placeholder
0x0290FC,XMSUP_util_290FC,placeholder
0x0292E8,XMSUP_uncalled_292E8,placeholder
0x029346,XMSUP_tiny_29346,placeholder
0x02935E,XMSUP_util_2935E,placeholder
0x0293F0,XMSUP_util_293F0,placeholder
0x029446,XMSUP_util_29446,placeholder
0x0295A2,XMSUP_util_295A2,placeholder
0x0295B2,XMSUP_stub_295B2,placeholder
0x0295C8,XMSUP_stub_295C8,placeholder
0x0298B4,XMSUP_copy_298B4,placeholder
0x0299F0,XMSUP_util_299F0,placeholder
0x029B12,XMSUP_util_29B12,placeholder
0x029BF4,XMSGS_sub_29BF4,placeholder
0x029CEC,SO_leaf_29CEC,placeholder
0x029D42,XMSUP_uncalled_29D42,placeholder
0x029D9C,XMSUP_util_29D9C,placeholder
0x029E20,XMSUP_util_29E20,placeholder
0x029EB8,XMSUP_leaf_29EB8,placeholder
0x029FC2,XMSUP_leaf_29FC2,placeholder
0x029FE2,XMSUP_util_29FE2,placeholder
0x02A01E,ND_UTBY,identified
0x02A27A,XMSUP_util_2A27A,placeholder
0x02A68C,PLANC_FormatInteger,identified
0x02AE68,XMSUP_sub_2AE68,placeholder
0x02AF32,ND_ERROR,identified
0x02AFB6,XMSUP_leaf_2AFB6,placeholder
0x02B02A,XMSUP_uncalled_2B02A,placeholder
0x02B058,XMSUP_util_2B058,placeholder
0x02B096,SO_sub_2B096,placeholder
0x02B15E,SO_sub_2B15E,placeholder
0x02B254,XMSUP_math_2B254,placeholder
0x02B292,XMSUP_leaf_2B292,placeholder
0x02B440,XMSGS_leaf_2B440,placeholder
0x02B4B0,XMSUP_leaf_2B4B0,placeholder
0x02B60C,PLANC_MoveBlock,identified
0x02B766,XMSUP_leaf_2B766,placeholder
0x02B98C,ND_IMU,identified
0x02B9D2,ND_IDV,identified
0x02BA7E,TELNET_sub_2BA7E,placeholder
0x02BB94,PLANC_leaf_2BB94,placeholder
0x02BBA2,PLANC_leaf_2BBA2,placeholder
0x02BBBC,ND_REMV,identified
0x02BD4C,PLANC_leaf_2BD4C,placeholder
0x02BDAA,MON64,identified
0x02BDCC,ND_QUIT_MON0,identified
0x02BDD0,MON1,identified
0x02BE04,MON2,identified
